watched_tv,play_with_pets,code_written,had_coffee,happiness_value
No,Yes,215,Yes,1
Yes,No,603,No,2
No,Yes,1269,Yes,3
Yes,No,471,No,6
No,Yes,182,Yes,1
Yes,No,701,No,2
No,Yes,124,Yes,8
Yes,No,167,No,9
No,Yes,668,Yes,2
Yes,No,983,No,0
No,Yes,220,Yes,9
Yes,No,1069,No,10
No,Yes,599,Yes,6
Yes,No,711,No,6
No,Yes,1496,Yes,0
Yes,No,102,No,10
No,Yes,730,Yes,10
Yes,No,1228,No,2
No,Yes,879,Yes,3
Yes,No,442,No,1
No,Yes,562,Yes,3
Yes,No,286,No,7
No,Yes,284,Yes,6
Yes,No,442,No,6
No,Yes,1421,Yes,5
Yes,No,832,No,10
No,Yes,733,Yes,5
Yes,No,1125,No,10
No,Yes,1450,Yes,6
Yes,No,1412,No,0
No,Yes,577,Yes,5
Yes,No,99,No,0
No,Yes,54,Yes,8
Yes,No,361,No,2
No,Yes,1324,Yes,4
Yes,No,1024,No,5
No,Yes,1391,Yes,2
Yes,No,530,No,7
No,Yes,95,Yes,1
Yes,No,318,No,10
No,Yes,1423,Yes,1
Yes,No,1247,No,4
No,Yes,246,Yes,7
Yes,No,853,No,2
No,Yes,66,Yes,6
Yes,No,1392,No,6
No,Yes,711,Yes,9
Yes,No,991,No,0
No,Yes,462,Yes,8
Yes,No,430,No,6
No,Yes,1279,Yes,8
Yes,No,1302,No,9
No,Yes,499,Yes,9
Yes,No,1276,No,8
No,Yes,63,Yes,2
Yes,No,300,No,4
No,Yes,1059,Yes,10
Yes,No,146,No,6
No,Yes,440,Yes,3
Yes,No,1476,No,7
No,Yes,1075,Yes,9
Yes,No,1070,No,2
No,Yes,1447,Yes,4
Yes,No,1232,No,7
No,Yes,1303,Yes,7
Yes,No,904,No,6
No,Yes,495,Yes,4
Yes,No,1190,No,4
No,Yes,583,Yes,8
Yes,No,433,No,4
No,Yes,579,Yes,2
Yes,No,503,No,2
No,Yes,500,Yes,4
Yes,No,1406,No,5
No,Yes,1237,Yes,3
Yes,No,374,No,2
No,Yes,576,Yes,5
Yes,No,372,No,2
No,Yes,535,Yes,7
Yes,No,765,No,0
No,Yes,994,Yes,8
Yes,No,991,No,4
No,Yes,1475,Yes,6
Yes,No,116,No,10
No,Yes,1295,Yes,4
Yes,No,827,No,9
No,Yes,266,Yes,10
Yes,No,975,No,2
No,Yes,1109,Yes,0
Yes,No,1298,No,5
No,Yes,1405,Yes,3
Yes,No,553,No,7
No,Yes,419,Yes,10
Yes,No,1311,No,0
No,Yes,155,Yes,4
Yes,No,823,No,9
No,Yes,255,Yes,6
Yes,No,76,No,5
No,Yes,614,Yes,6
Yes,No,1063,No,5
No,Yes,81,Yes,0
Yes,No,476,No,7
No,Yes,1438,Yes,6
Yes,No,570,No,5
No,Yes,781,Yes,6
Yes,No,515,No,3
No,Yes,999,Yes,2
Yes,No,1213,No,4
No,Yes,916,Yes,7
Yes,No,1066,No,2
No,Yes,1389,Yes,8
Yes,No,1358,No,9
No,Yes,792,Yes,4
Yes,No,1183,No,9
No,Yes,549,Yes,7
Yes,No,198,No,4
No,Yes,267,Yes,0
Yes,No,1053,No,1
No,Yes,383,Yes,6
Yes,No,304,No,3
No,Yes,317,Yes,5
Yes,No,237,No,8
No,Yes,218,Yes,7
Yes,No,54,No,5
No,Yes,716,Yes,6
Yes,No,597,No,3
No,Yes,1489,Yes,6
Yes,No,651,No,6
No,Yes,39,Yes,0
Yes,No,635,No,9
No,Yes,38,Yes,4
Yes,No,67,No,8
No,Yes,1364,Yes,9
Yes,No,564,No,10
No,Yes,421,Yes,3
Yes,No,1276,No,5
No,Yes,236,Yes,6
Yes,No,1062,No,3
No,Yes,609,Yes,2
Yes,No,864,No,5
No,Yes,12,Yes,0
Yes,No,840,No,4
No,Yes,899,Yes,5
Yes,No,249,No,10
No,Yes,1087,Yes,0
Yes,No,1140,No,4
No,Yes,264,Yes,3
Yes,No,1053,No,9
No,Yes,813,Yes,6
Yes,No,1467,No,9
No,Yes,1116,Yes,10
Yes,No,274,No,1
No,Yes,89,Yes,8
Yes,No,331,No,2
No,Yes,41,Yes,8
Yes,No,641,No,7
No,Yes,1035,Yes,10
Yes,No,526,No,4
No,Yes,674,Yes,2
Yes,No,249,No,10
No,Yes,212,Yes,5
Yes,No,1172,No,1
No,Yes,755,Yes,0
Yes,No,1094,No,1
No,Yes,232,Yes,8
Yes,No,104,No,0
No,Yes,1197,Yes,0
Yes,No,123,No,3
No,Yes,10,Yes,10
Yes,No,305,No,1
No,Yes,543,Yes,1
Yes,No,297,No,3
No,Yes,1228,Yes,7
Yes,No,545,No,3
No,Yes,1158,Yes,7
Yes,No,1227,No,8
No,Yes,1239,Yes,0
Yes,No,1056,No,2
No,Yes,457,Yes,3
Yes,No,1210,No,2
No,Yes,99,Yes,9
Yes,No,123,No,7
No,Yes,1492,Yes,1
Yes,No,1432,No,3
No,Yes,1472,Yes,4
Yes,No,1366,No,6
No,Yes,1306,Yes,4
Yes,No,233,No,0
No,Yes,884,Yes,10
Yes,No,1013,No,2
No,Yes,1427,Yes,0
Yes,No,1350,No,7
No,Yes,1176,Yes,7
Yes,No,611,No,4
No,Yes,1451,Yes,5
Yes,No,841,No,5
No,Yes,493,Yes,6
Yes,No,42,No,5
No,Yes,980,Yes,1
Yes,No,489,No,2
No,Yes,670,Yes,9
Yes,No,154,No,9
No,Yes,1372,Yes,1
Yes,No,977,No,8
No,Yes,814,Yes,0
Yes,No,532,No,1
No,Yes,92,Yes,2
Yes,No,783,No,0
No,Yes,49,Yes,10
Yes,No,704,No,5
No,Yes,1261,Yes,6
Yes,No,1470,No,0
No,Yes,595,Yes,5
Yes,No,1115,No,3
No,Yes,1169,Yes,8
Yes,No,448,No,10
No,Yes,452,Yes,6
Yes,No,683,No,4
No,Yes,79,Yes,6
Yes,No,1038,No,7
No,Yes,802,Yes,8
Yes,No,1028,No,2
No,Yes,1446,Yes,7
Yes,No,413,No,4
No,Yes,1483,Yes,5
Yes,No,739,No,2
No,Yes,107,Yes,8
Yes,No,731,No,10
No,Yes,364,Yes,0
Yes,No,238,No,9
No,Yes,1496,Yes,2
Yes,No,524,No,5
No,Yes,900,Yes,5
Yes,No,289,No,3
No,Yes,917,Yes,8
Yes,No,569,No,9
No,Yes,559,Yes,2
Yes,No,1224,No,7
No,Yes,246,Yes,7
Yes,No,1422,No,3
No,Yes,1011,Yes,10
Yes,No,831,No,4
No,Yes,790,Yes,3
Yes,No,505,No,1
No,Yes,510,Yes,2
Yes,No,1436,No,1
No,Yes,960,Yes,0
Yes,No,1310,No,3
No,Yes,1202,Yes,9
Yes,No,1390,No,6
No,Yes,563,Yes,10
Yes,No,64,No,2
No,Yes,148,Yes,6
Yes,No,1160,No,8
No,Yes,667,Yes,0
Yes,No,999,No,3
No,Yes,436,Yes,3
Yes,No,219,No,0
No,Yes,398,Yes,9
Yes,No,619,No,2
No,Yes,406,Yes,4
Yes,No,457,No,6
No,Yes,1039,Yes,7
Yes,No,260,No,10
No,Yes,566,Yes,7
Yes,No,443,No,5
No,Yes,1396,Yes,3
Yes,No,1241,No,2
No,Yes,173,Yes,2
Yes,No,541,No,9
No,Yes,172,Yes,2
Yes,No,789,No,3
No,Yes,601,Yes,5
Yes,No,1125,No,7
No,Yes,282,Yes,0
Yes,No,1412,No,9
No,Yes,903,Yes,1
Yes,No,981,No,6
No,Yes,750,Yes,9
Yes,No,284,No,4
No,Yes,1244,Yes,1
Yes,No,258,No,10
No,Yes,119,Yes,3
Yes,No,13,No,2
No,Yes,29,Yes,6
Yes,No,594,No,2
No,Yes,1163,Yes,5
Yes,No,858,No,8
No,Yes,1078,Yes,8
Yes,No,99,No,0
No,Yes,968,Yes,5
Yes,No,745,No,1
No,Yes,601,Yes,8
Yes,No,63,No,6
No,Yes,619,Yes,9
Yes,No,472,No,1
No,Yes,1050,Yes,1
Yes,No,806,No,8
No,Yes,1194,Yes,5
Yes,No,701,No,3
No,Yes,1495,Yes,0
Yes,No,143,No,9
No,Yes,712,Yes,10
Yes,No,528,No,10
No,Yes,450,Yes,9
Yes,No,177,No,5
No,Yes,174,Yes,3
Yes,No,864,No,10
No,Yes,465,Yes,6
Yes,No,1200,No,3
No,Yes,596,Yes,1
Yes,No,1348,No,2
No,Yes,363,Yes,5
Yes,No,1002,No,1
No,Yes,1464,Yes,2
Yes,No,952,No,1
No,Yes,205,Yes,7
Yes,No,529,No,3
No,Yes,488,Yes,9
Yes,No,462,No,9
No,Yes,1033,Yes,6
Yes,No,450,No,2
No,Yes,437,Yes,1
Yes,No,540,No,2
No,Yes,705,Yes,1
Yes,No,649,No,5
No,Yes,683,Yes,5
Yes,No,992,No,6
No,Yes,1140,Yes,1
Yes,No,985,No,9
No,Yes,1013,Yes,2
Yes,No,1288,No,2
No,Yes,71,Yes,8
Yes,No,977,No,7
No,Yes,896,Yes,10
Yes,No,871,No,4
No,Yes,1021,Yes,9
Yes,No,1466,No,2
No,Yes,1160,Yes,7
Yes,No,751,No,3
No,Yes,291,Yes,9
Yes,No,662,No,7
No,Yes,525,Yes,0
Yes,No,941,No,6
No,Yes,797,Yes,7
Yes,No,199,No,5
No,Yes,1065,Yes,8
Yes,No,126,No,9
No,Yes,480,Yes,7
Yes,No,767,No,0
No,Yes,935,Yes,9
Yes,No,895,No,7
No,Yes,597,Yes,6
Yes,No,1291,No,0
No,Yes,767,Yes,4
Yes,No,1271,No,7
No,Yes,365,Yes,3
Yes,No,260,No,3
No,Yes,1425,Yes,5
Yes,No,1392,No,7
No,Yes,591,Yes,8
Yes,No,94,No,2
No,Yes,1270,Yes,8
Yes,No,603,No,3
No,Yes,295,Yes,10
Yes,No,1127,No,2
No,Yes,1106,Yes,0
Yes,No,1069,No,4
No,Yes,530,Yes,0
Yes,No,275,No,5
No,Yes,1351,Yes,2
Yes,No,335,No,0
No,Yes,782,Yes,3
Yes,No,91,No,7
No,Yes,871,Yes,10
Yes,No,202,No,10
No,Yes,676,Yes,8
Yes,No,889,No,5
No,Yes,1428,Yes,1
Yes,No,231,No,5
No,Yes,1229,Yes,10
Yes,No,1296,No,9
No,Yes,851,Yes,4
Yes,No,843,No,8
No,Yes,684,Yes,9
Yes,No,585,No,7
No,Yes,1046,Yes,5
Yes,No,1347,No,6
No,Yes,9,Yes,7
Yes,No,239,No,6
No,Yes,758,Yes,8
Yes,No,19,No,10
No,Yes,521,Yes,3
Yes,No,574,No,0
No,Yes,496,Yes,5
Yes,No,973,No,3
No,Yes,35,Yes,1
Yes,No,495,No,4
No,Yes,1439,Yes,7
Yes,No,1133,No,1
No,Yes,532,Yes,7
Yes,No,906,No,2
No,Yes,1407,Yes,3
Yes,No,503,No,9
No,Yes,1056,Yes,2
Yes,No,322,No,2
No,Yes,400,Yes,0
Yes,No,790,No,2
No,Yes,179,Yes,4
Yes,No,1443,No,5
No,Yes,1435,Yes,3
Yes,No,1117,No,6
No,Yes,705,Yes,10
Yes,No,357,No,4
No,Yes,341,Yes,5
Yes,No,741,No,5
No,Yes,592,Yes,10
Yes,No,503,No,7
No,Yes,532,Yes,10
Yes,No,48,No,8
No,Yes,124,Yes,9
Yes,No,591,No,9
No,Yes,817,Yes,10
Yes,No,1240,No,4
No,Yes,1062,Yes,1
Yes,No,961,No,8
No,Yes,657,Yes,2
Yes,No,666,No,4
No,Yes,777,Yes,6
Yes,No,501,No,5
No,Yes,1139,Yes,8
Yes,No,455,No,1
No,Yes,742,Yes,3
Yes,No,785,No,7
No,Yes,285,Yes,9
Yes,No,1,No,8
No,Yes,579,Yes,3
Yes,No,1056,No,1
No,Yes,919,Yes,6
Yes,No,1350,No,4
No,Yes,895,Yes,1
Yes,No,58,No,4
No,Yes,574,Yes,9
Yes,No,1419,No,7
No,Yes,861,Yes,9
Yes,No,1066,No,9
No,Yes,392,Yes,5
Yes,No,322,No,1
No,Yes,1101,Yes,6
Yes,No,263,No,1
No,Yes,948,Yes,4
Yes,No,388,No,4
No,Yes,112,Yes,0
Yes,No,1006,No,6
No,Yes,245,Yes,3
Yes,No,386,No,8
No,Yes,182,Yes,3
Yes,No,1489,No,7
No,Yes,155,Yes,4
Yes,No,1448,No,5
No,Yes,224,Yes,3
Yes,No,1120,No,6
No,Yes,1260,Yes,5
Yes,No,220,No,0
No,Yes,310,Yes,1
Yes,No,407,No,1
No,Yes,63,Yes,1
Yes,No,1467,No,7
No,Yes,1408,Yes,0
Yes,No,623,No,4
No,Yes,1107,Yes,6
Yes,No,253,No,1
No,Yes,209,Yes,4
Yes,No,1148,No,7
No,Yes,287,Yes,2
Yes,No,971,No,5
No,Yes,884,Yes,7
Yes,No,279,No,8
No,Yes,290,Yes,1
Yes,No,668,No,0
No,Yes,105,Yes,1
Yes,No,494,No,8
No,Yes,747,Yes,8
Yes,No,330,No,10
No,Yes,610,Yes,1
Yes,No,272,No,2
No,Yes,1294,Yes,2
Yes,No,204,No,9
No,Yes,837,Yes,6
Yes,No,1351,No,9
No,Yes,23,Yes,8
Yes,No,852,No,0
No,Yes,992,Yes,9
Yes,No,739,No,3
No,Yes,1069,Yes,5
Yes,No,260,No,2
No,Yes,1158,Yes,1
Yes,No,484,No,4
No,Yes,342,Yes,9
Yes,No,596,No,6
No,Yes,1420,Yes,9
Yes,No,341,No,5
No,Yes,1107,Yes,5
Yes,No,720,No,9
No,Yes,1081,Yes,0
Yes,No,257,No,8
No,Yes,988,Yes,2
Yes,No,722,No,9
No,Yes,1304,Yes,8
Yes,No,429,No,9
No,Yes,181,Yes,1
Yes,No,1106,No,4
No,Yes,1263,Yes,10
Yes,No,826,No,9
No,Yes,994,Yes,10
Yes,No,836,No,5
No,Yes,810,Yes,8
Yes,No,1029,No,0
No,Yes,881,Yes,1
Yes,No,76,No,5
No,Yes,1014,Yes,5
Yes,No,348,No,7
No,Yes,736,Yes,8
Yes,No,0,No,2
No,Yes,962,Yes,4
Yes,No,1303,No,8
No,Yes,1187,Yes,9
Yes,No,933,No,0
No,Yes,162,Yes,3
Yes,No,995,No,9
No,Yes,1037,Yes,10
Yes,No,29,No,3
No,Yes,1221,Yes,10
Yes,No,781,No,0
No,Yes,1226,Yes,4
Yes,No,86,No,3
No,Yes,236,Yes,2
Yes,No,670,No,7
No,Yes,1341,Yes,10
Yes,No,530,No,3
No,Yes,20,Yes,3
Yes,No,1487,No,5
No,Yes,1278,Yes,4
Yes,No,605,No,2
No,Yes,843,Yes,0
Yes,No,155,No,10
No,Yes,1078,Yes,0
Yes,No,165,No,7
No,Yes,952,Yes,2
Yes,No,1459,No,2
No,Yes,270,Yes,10
Yes,No,369,No,9
No,Yes,842,Yes,5
Yes,No,291,No,3
No,Yes,1081,Yes,9
Yes,No,597,No,6
No,Yes,321,Yes,0
Yes,No,454,No,10
No,Yes,1421,Yes,0
Yes,No,121,No,10
No,Yes,1387,Yes,10
Yes,No,484,No,10
No,Yes,282,Yes,0
Yes,No,255,No,6
No,Yes,566,Yes,9
Yes,No,664,No,7
No,Yes,340,Yes,7
Yes,No,572,No,0
No,Yes,21,Yes,10
Yes,No,1147,No,4
No,Yes,1256,Yes,2
Yes,No,691,No,7
No,Yes,1491,Yes,1
Yes,No,422,No,1
No,Yes,876,Yes,10
Yes,No,1133,No,7
No,Yes,553,Yes,6
Yes,No,861,No,8
No,Yes,707,Yes,7
Yes,No,1257,No,0
No,Yes,456,Yes,5
Yes,No,1303,No,8
No,Yes,709,Yes,0
Yes,No,786,No,3
No,Yes,605,Yes,1
Yes,No,1460,No,4
No,Yes,237,Yes,4
Yes,No,692,No,2
No,Yes,1365,Yes,4
Yes,No,504,No,8
No,Yes,1314,Yes,8
Yes,No,525,No,7
No,Yes,860,Yes,0
Yes,No,312,No,5
No,Yes,404,Yes,8
Yes,No,449,No,7
No,Yes,281,Yes,8
Yes,No,85,No,0
No,Yes,1272,Yes,6
Yes,No,435,No,1
No,Yes,1244,Yes,2
Yes,No,1330,No,9
No,Yes,548,Yes,9
Yes,No,1261,No,1
No,Yes,1268,Yes,4
Yes,No,1083,No,9
No,Yes,159,Yes,4
Yes,No,1344,No,4
No,Yes,1435,Yes,9
Yes,No,498,No,2
No,Yes,334,Yes,5
Yes,No,1402,No,2
No,Yes,663,Yes,9
Yes,No,216,No,5
No,Yes,1332,Yes,10
Yes,No,74,No,3
No,Yes,1460,Yes,9
Yes,No,851,No,1
No,Yes,1016,Yes,10
Yes,No,861,No,0
No,Yes,72,Yes,3
Yes,No,1220,No,2
No,Yes,865,Yes,7
Yes,No,1205,No,6
No,Yes,1386,Yes,6
Yes,No,581,No,6
No,Yes,1045,Yes,4
Yes,No,953,No,0
No,Yes,666,Yes,6
Yes,No,333,No,9
No,Yes,118,Yes,8
Yes,No,358,No,1
No,Yes,999,Yes,1
Yes,No,330,No,7
No,Yes,766,Yes,5
Yes,No,579,No,7
No,Yes,351,Yes,8
Yes,No,1383,No,1
No,Yes,780,Yes,10
Yes,No,227,No,4
No,Yes,468,Yes,1
Yes,No,1114,No,0
No,Yes,1312,Yes,6
Yes,No,348,No,3
No,Yes,1128,Yes,2
Yes,No,845,No,0
No,Yes,39,Yes,10
Yes,No,921,No,4
No,Yes,902,Yes,2
Yes,No,875,No,3
No,Yes,947,Yes,10
Yes,No,1047,No,1
No,Yes,1328,Yes,8
Yes,No,1347,No,4
No,Yes,81,Yes,5
Yes,No,565,No,5
No,Yes,1064,Yes,8
Yes,No,1377,No,0
No,Yes,181,Yes,0
Yes,No,586,No,1
No,Yes,899,Yes,8
Yes,No,1236,No,1
No,Yes,1483,Yes,7
Yes,No,324,No,1
No,Yes,296,Yes,9
Yes,No,1228,No,7
No,Yes,1110,Yes,6
Yes,No,760,No,4
No,Yes,215,Yes,6
Yes,No,835,No,7
No,Yes,674,Yes,4
Yes,No,301,No,7
No,Yes,698,Yes,9
Yes,No,873,No,5
No,Yes,525,Yes,8
Yes,No,445,No,7
No,Yes,281,Yes,2
Yes,No,986,No,8
No,Yes,447,Yes,8
Yes,No,130,No,1
No,Yes,32,Yes,1
Yes,No,748,No,6
No,Yes,896,Yes,7
Yes,No,926,No,6
No,Yes,729,Yes,2
Yes,No,819,No,4
No,Yes,763,Yes,1
Yes,No,935,No,5
No,Yes,1264,Yes,6
Yes,No,981,No,9
No,Yes,723,Yes,4
Yes,No,67,No,4
No,Yes,486,Yes,5
Yes,No,973,No,10
No,Yes,1460,Yes,5
Yes,No,709,No,3
No,Yes,717,Yes,10
Yes,No,698,No,6
No,Yes,1101,Yes,3
Yes,No,590,No,1
No,Yes,1103,Yes,3
Yes,No,1416,No,2
No,Yes,1082,Yes,9
Yes,No,329,No,7
No,Yes,1233,Yes,4
Yes,No,1109,No,0
No,Yes,677,Yes,3
Yes,No,156,No,4
No,Yes,775,Yes,6
Yes,No,890,No,3
No,Yes,48,Yes,3
Yes,No,947,No,6
No,Yes,841,Yes,5
Yes,No,1117,No,2
No,Yes,1261,Yes,3
Yes,No,1252,No,1
No,Yes,873,Yes,1
Yes,No,388,No,0
No,Yes,1246,Yes,6
Yes,No,858,No,9
No,Yes,806,Yes,2
Yes,No,611,No,0
No,Yes,1006,Yes,2
Yes,No,133,No,0
No,Yes,12,Yes,7
Yes,No,346,No,6
No,Yes,607,Yes,10
Yes,No,197,No,1
No,Yes,190,Yes,3
Yes,No,1131,No,8
No,Yes,693,Yes,10
Yes,No,1009,No,10
No,Yes,902,Yes,1
Yes,No,1396,No,1
No,Yes,1252,Yes,10
Yes,No,417,No,1
No,Yes,157,Yes,6
Yes,No,76,No,8
No,Yes,1392,Yes,7
Yes,No,474,No,4
No,Yes,584,Yes,7
Yes,No,361,No,5
No,Yes,781,Yes,8
Yes,No,316,No,9
No,Yes,982,Yes,0
Yes,No,1337,No,7
No,Yes,787,Yes,6
Yes,No,1361,No,5
No,Yes,342,Yes,8
Yes,No,36,No,10
No,Yes,809,Yes,3
Yes,No,185,No,8
No,Yes,23,Yes,3
Yes,No,814,No,7
No,Yes,1108,Yes,10
Yes,No,399,No,9
No,Yes,1000,Yes,7
Yes,No,154,No,6
No,Yes,317,Yes,2
Yes,No,1496,No,9
No,Yes,636,Yes,0
Yes,No,854,No,10
No,Yes,29,Yes,6
Yes,No,353,No,2
No,Yes,997,Yes,8
Yes,No,1309,No,0
No,Yes,820,Yes,8
Yes,No,1124,No,7
No,Yes,836,Yes,3
Yes,No,5,No,9
No,Yes,1418,Yes,8
Yes,No,212,No,0
No,Yes,1168,Yes,10
Yes,No,1401,No,1
No,Yes,255,Yes,5
Yes,No,767,No,3
No,Yes,931,Yes,1
Yes,No,626,No,4
No,Yes,946,Yes,9
Yes,No,672,No,0
No,Yes,546,Yes,8
Yes,No,1494,No,4
No,Yes,1302,Yes,10
Yes,No,1129,No,4
No,Yes,327,Yes,5
Yes,No,601,No,6
No,Yes,436,Yes,3
Yes,No,122,No,10
No,Yes,918,Yes,8
Yes,No,1496,No,2
No,Yes,1008,Yes,1
Yes,No,435,No,2
No,Yes,467,Yes,7
Yes,No,905,No,1
No,Yes,450,Yes,8
Yes,No,1053,No,8
No,Yes,1490,Yes,8
Yes,No,445,No,5
No,Yes,828,Yes,10
Yes,No,1024,No,6
No,Yes,308,Yes,6
Yes,No,55,No,5
No,Yes,357,Yes,10
Yes,No,476,No,0
No,Yes,1449,Yes,6
Yes,No,579,No,10
No,Yes,118,Yes,7
Yes,No,898,No,8
No,Yes,896,Yes,1
Yes,No,556,No,1
No,Yes,721,Yes,1
Yes,No,1424,No,6
No,Yes,1478,Yes,7
Yes,No,678,No,2
No,Yes,543,Yes,2
Yes,No,1336,No,1
No,Yes,1178,Yes,0
Yes,No,350,No,10
No,Yes,383,Yes,1
Yes,No,881,No,6
No,Yes,1151,Yes,5
Yes,No,155,No,2
No,Yes,502,Yes,0
Yes,No,391,No,7
No,Yes,1416,Yes,8
Yes,No,1012,No,3
No,Yes,513,Yes,10
Yes,No,466,No,2
No,Yes,696,Yes,6
Yes,No,631,No,2
No,Yes,340,Yes,7
Yes,No,37,No,0
No,Yes,586,Yes,0
Yes,No,1051,No,4
No,Yes,847,Yes,0
Yes,No,86,No,7
No,Yes,1497,Yes,1
Yes,No,721,No,6
No,Yes,1476,Yes,6
Yes,No,734,No,9
No,Yes,178,Yes,5
Yes,No,804,No,10
No,Yes,87,Yes,9
Yes,No,1430,No,1
No,Yes,1445,Yes,10
Yes,No,1206,No,10
No,Yes,1276,Yes,0
Yes,No,1461,No,3
No,Yes,501,Yes,8
Yes,No,1165,No,2
No,Yes,275,Yes,10
Yes,No,8,No,6
No,Yes,983,Yes,7
Yes,No,338,No,0
No,Yes,731,Yes,5
Yes,No,1237,No,2
No,Yes,539,Yes,7
Yes,No,569,No,4
No,Yes,1438,Yes,10
Yes,No,700,No,7
No,Yes,1194,Yes,8
Yes,No,1205,No,3
No,Yes,1124,Yes,4
Yes,No,1066,No,4
No,Yes,1492,Yes,1
Yes,No,531,No,10
No,Yes,825,Yes,10
Yes,No,1259,No,10
No,Yes,1041,Yes,5
Yes,No,530,No,7
No,Yes,993,Yes,4
Yes,No,925,No,0
No,Yes,1188,Yes,2
Yes,No,709,No,6
No,Yes,610,Yes,10
Yes,No,772,No,8
No,Yes,1437,Yes,2
Yes,No,1161,No,6
No,Yes,1154,Yes,4
Yes,No,0,No,5
No,Yes,74,Yes,8
Yes,No,877,No,0
No,Yes,1303,Yes,0
Yes,No,972,No,5
No,Yes,1110,Yes,5
Yes,No,485,No,0
No,Yes,616,Yes,3
Yes,No,253,No,6
No,Yes,1166,Yes,3
Yes,No,299,No,1
No,Yes,431,Yes,8
Yes,No,874,No,3
No,Yes,347,Yes,2
Yes,No,715,No,5
No,Yes,245,Yes,7
Yes,No,716,No,0
No,Yes,617,Yes,2
Yes,No,166,No,2
No,Yes,199,Yes,4
Yes,No,530,No,10
No,Yes,140,Yes,7
Yes,No,494,No,3
No,Yes,1373,Yes,1
Yes,No,584,No,4
No,Yes,343,Yes,2
Yes,No,380,No,8
No,Yes,1422,Yes,2
Yes,No,745,No,6
No,Yes,890,Yes,10
Yes,No,113,No,2
No,Yes,1094,Yes,1
Yes,No,319,No,0
No,Yes,408,Yes,2
Yes,No,355,No,0
No,Yes,537,Yes,0
Yes,No,978,No,1
No,Yes,648,Yes,0
Yes,No,1048,No,6
No,Yes,908,Yes,8
Yes,No,773,No,3
No,Yes,324,Yes,9
Yes,No,309,No,7
No,Yes,943,Yes,10
Yes,No,686,No,1
No,Yes,829,Yes,7
Yes,No,1292,No,4
No,Yes,592,Yes,2
Yes,No,621,No,2
No,Yes,820,Yes,9
Yes,No,81,No,3
No,Yes,461,Yes,2
Yes,No,882,No,8
No,Yes,1452,Yes,3
Yes,No,573,No,8
No,Yes,489,Yes,10
Yes,No,214,No,9
No,Yes,129,Yes,9
Yes,No,1204,No,8
No,Yes,759,Yes,6
Yes,No,1301,No,8
No,Yes,1187,Yes,1
Yes,No,910,No,6
No,Yes,1386,Yes,9
Yes,No,917,No,10
No,Yes,1447,Yes,3
Yes,No,1384,No,10
No,Yes,1006,Yes,2
Yes,No,1122,No,10
No,Yes,1116,Yes,1
Yes,No,1002,No,6
No,Yes,845,Yes,3
Yes,No,603,No,1
No,Yes,633,Yes,4
Yes,No,276,No,7
No,Yes,548,Yes,7
Yes,No,407,No,3
No,Yes,1259,Yes,9
Yes,No,1145,No,9
No,Yes,958,Yes,4
Yes,No,1091,No,5
No,Yes,963,Yes,6
Yes,No,517,No,8
No,Yes,175,Yes,1
Yes,No,748,No,1
No,Yes,384,Yes,5
Yes,No,400,No,5
No,Yes,256,Yes,4
Yes,No,758,No,1
No,Yes,1406,Yes,1
Yes,No,711,No,3
No,Yes,626,Yes,5
Yes,No,524,No,5
No,Yes,501,Yes,8
Yes,No,1008,No,0
No,Yes,1139,Yes,6
Yes,No,1179,No,9
No,Yes,307,Yes,2
Yes,No,660,No,9
No,Yes,13,Yes,9
Yes,No,514,No,3
No,Yes,1285,Yes,10
Yes,No,1093,No,7
No,Yes,655,Yes,9
Yes,No,1173,No,5
No,Yes,278,Yes,5
Yes,No,1006,No,1
No,Yes,969,Yes,2
Yes,No,1188,No,2
No,Yes,138,Yes,5
Yes,No,794,No,5
No,Yes,227,Yes,6
Yes,No,1203,No,4
No,Yes,1005,Yes,4
Yes,No,240,No,3
No,Yes,884,Yes,2
Yes,No,1427,No,4
No,Yes,9,Yes,7
Yes,No,1390,No,4
No,Yes,1165,Yes,8
Yes,No,1140,No,4
No,Yes,502,Yes,6
Yes,No,78,No,6
No,Yes,871,Yes,6
Yes,No,834,No,9
No,Yes,858,Yes,8
Yes,No,1044,No,2
No,Yes,396,Yes,2
Yes,No,1433,No,6
No,Yes,504,Yes,6
Yes,No,503,No,8
No,Yes,697,Yes,9
Yes,No,401,No,2
No,Yes,326,Yes,10
Yes,No,1373,No,7
No,Yes,194,Yes,0
Yes,No,1355,No,5
No,Yes,189,Yes,10
Yes,No,905,No,9
No,Yes,667,Yes,10
Yes,No,1421,No,1
No,Yes,703,Yes,4
Yes,No,560,No,8
No,Yes,760,Yes,9
Yes,No,166,No,6
No,Yes,899,Yes,4
Yes,No,1491,No,1
No,Yes,302,Yes,9
Yes,No,1364,No,6
No,Yes,1237,Yes,7
Yes,No,13,No,6
No,Yes,1391,Yes,9
Yes,No,599,No,9
No,Yes,682,Yes,4
Yes,No,161,No,6
No,Yes,1193,Yes,5
Yes,No,1375,No,4
No,Yes,477,Yes,4
Yes,No,1119,No,7
No,Yes,1161,Yes,0
Yes,No,1030,No,4
No,Yes,177,Yes,7
Yes,No,1403,No,6
No,Yes,1076,Yes,2
Yes,No,1413,No,9
No,Yes,752,Yes,0
Yes,No,567,No,1
No,Yes,40,Yes,5
Yes,No,325,No,4
No,Yes,1236,Yes,1
Yes,No,1070,No,6
No,Yes,1081,Yes,2
Yes,No,748,No,10
No,Yes,1161,Yes,4
Yes,No,675,No,9
No,Yes,642,Yes,2
Yes,No,1438,No,5
No,Yes,1042,Yes,6
Yes,No,1323,No,5
No,Yes,1410,Yes,10
Yes,No,375,No,3
No,Yes,624,Yes,8
Yes,No,360,No,2
No,Yes,300,Yes,5
Yes,No,1492,No,8
No,Yes,1373,Yes,2
Yes,No,522,No,0
No,Yes,1214,Yes,2
Yes,No,1388,No,5
No,Yes,754,Yes,1
Yes,No,1068,No,4
No,Yes,1206,Yes,4
Yes,No,1192,No,2
No,Yes,1226,Yes,2
Yes,No,1180,No,2
No,Yes,110,Yes,2
Yes,No,733,No,6
No,Yes,878,Yes,0
Yes,No,1404,No,1
No,Yes,779,Yes,4
Yes,No,993,No,9
No,Yes,923,Yes,7
Yes,No,292,No,4
No,Yes,941,Yes,9
Yes,No,493,No,10
No,Yes,519,Yes,4
Yes,No,323,No,7
No,Yes,163,Yes,2
Yes,No,652,No,6
No,Yes,243,Yes,9
Yes,No,166,No,8
No,Yes,246,Yes,5
Yes,No,1199,No,9
No,Yes,1211,Yes,7
Yes,No,1411,No,1
No,Yes,473,Yes,6
Yes,No,379,No,1
No,Yes,209,Yes,7
Yes,No,878,No,8
No,Yes,216,Yes,3
Yes,No,171,No,3
No,Yes,329,Yes,0
Yes,No,586,No,2
No,Yes,1074,Yes,10
Yes,No,1022,No,10
No,Yes,341,Yes,6
Yes,No,1097,No,3
No,Yes,527,Yes,6
Yes,No,420,No,5
No,Yes,180,Yes,8
Yes,No,1345,No,2
No,Yes,768,Yes,4
Yes,No,45,No,9
No,Yes,1027,Yes,10
Yes,No,1469,No,5
No,Yes,820,Yes,5
Yes,No,1321,No,3
No,Yes,411,Yes,6
Yes,No,180,No,1
No,Yes,309,Yes,5
Yes,No,85,No,2
No,Yes,337,Yes,1
Yes,No,111,No,1
No,Yes,1291,Yes,4
Yes,No,348,No,2
No,Yes,686,Yes,9
Yes,No,249,No,5
No,Yes,718,Yes,2
Yes,No,888,No,8
No,Yes,125,Yes,3
Yes,No,598,No,9
No,Yes,1138,Yes,7
Yes,No,488,No,5
No,Yes,1005,Yes,3
Yes,No,855,No,8
No,Yes,721,Yes,8
Yes,No,541,No,9
No,Yes,682,Yes,7
Yes,No,1403,No,4
No,Yes,247,Yes,10
Yes,No,430,No,7
No,Yes,35,Yes,4
Yes,No,1320,No,1
No,Yes,610,Yes,2
Yes,No,1116,No,6
No,Yes,967,Yes,2
Yes,No,522,No,10
No,Yes,772,Yes,4
Yes,No,24,No,8
No,Yes,893,Yes,8
Yes,No,1495,No,10
No,Yes,144,Yes,6
Yes,No,740,No,9
No,Yes,1459,Yes,10
Yes,No,36,No,6
No,Yes,831,Yes,1
Yes,No,1008,No,2
No,Yes,1202,Yes,8
Yes,No,1469,No,10
No,Yes,36,Yes,0
Yes,No,63,No,5
No,Yes,628,Yes,7
Yes,No,29,No,8
No,Yes,23,Yes,1
Yes,No,1189,No,3
No,Yes,639,Yes,7
Yes,No,1127,No,5
No,Yes,1351,Yes,5
Yes,No,348,No,7
No,Yes,1049,Yes,8
Yes,No,1152,No,0
No,Yes,1031,Yes,1
Yes,No,519,No,6
No,Yes,400,Yes,6
Yes,No,1354,No,2
No,Yes,631,Yes,0
Yes,No,1446,No,7
No,Yes,174,Yes,10
Yes,No,564,No,5
No,Yes,0,Yes,2
Yes,No,606,No,5
No,Yes,552,Yes,9
Yes,No,438,No,8
No,Yes,1454,Yes,8
Yes,No,291,No,0
No,Yes,1408,Yes,5
Yes,No,758,No,7
No,Yes,991,Yes,3
Yes,No,1457,No,0
No,Yes,611,Yes,4
Yes,No,286,No,0
No,Yes,1145,Yes,1
Yes,No,1331,No,10
No,Yes,529,Yes,10
Yes,No,996,No,7
No,Yes,1192,Yes,10
Yes,No,1189,No,5
No,Yes,947,Yes,5
Yes,No,151,No,9
No,Yes,591,Yes,10
Yes,No,266,No,6
No,Yes,221,Yes,7
Yes,No,838,No,7
No,Yes,1204,Yes,9
Yes,No,835,No,1
No,Yes,677,Yes,4
Yes,No,817,No,1
No,Yes,226,Yes,5
Yes,No,620,No,5
No,Yes,629,Yes,0
Yes,No,818,No,8
No,Yes,568,Yes,5
Yes,No,1297,No,8
No,Yes,224,Yes,1
Yes,No,88,No,4
No,Yes,1459,Yes,6
Yes,No,1170,No,6
No,Yes,1449,Yes,9
Yes,No,1318,No,4
No,Yes,477,Yes,8
Yes,No,365,No,6
No,Yes,403,Yes,1
Yes,No,95,No,1
No,Yes,352,Yes,4
Yes,No,1030,No,9
No,Yes,200,Yes,9
Yes,No,180,No,6
No,Yes,897,Yes,4
Yes,No,86,No,0
No,Yes,253,Yes,1
Yes,No,662,No,9
No,Yes,1126,Yes,6
Yes,No,765,No,1
No,Yes,671,Yes,3
Yes,No,972,No,4
No,Yes,1415,Yes,9
Yes,No,265,No,4
No,Yes,933,Yes,10
Yes,No,72,No,6
No,Yes,1217,Yes,0
Yes,No,1230,No,8
No,Yes,1182,Yes,6
Yes,No,786,No,2
No,Yes,1169,Yes,1
Yes,No,1217,No,8
No,Yes,1314,Yes,6
Yes,No,721,No,5
No,Yes,379,Yes,8
Yes,No,1456,No,3
No,Yes,340,Yes,7
Yes,No,1359,No,3
No,Yes,475,Yes,6
Yes,No,1122,No,4
No,Yes,634,Yes,1
Yes,No,979,No,6
No,Yes,279,Yes,10
Yes,No,1024,No,7
No,Yes,10,Yes,9
Yes,No,1315,No,3
No,Yes,1449,Yes,9
Yes,No,472,No,7
No,Yes,1437,Yes,3
Yes,No,1274,No,1
No,Yes,639,Yes,2
Yes,No,1166,No,6
No,Yes,1459,Yes,3
Yes,No,681,No,3
No,Yes,55,Yes,9
Yes,No,1280,No,8
No,Yes,384,Yes,0
Yes,No,954,No,1
No,Yes,753,Yes,8
Yes,No,554,No,3
No,Yes,880,Yes,0
Yes,No,181,No,5
No,Yes,895,Yes,5
Yes,No,163,No,6
No,Yes,103,Yes,0
Yes,No,1198,No,4
No,Yes,240,Yes,1
Yes,No,866,No,1
No,Yes,565,Yes,0
Yes,No,540,No,0
No,Yes,586,Yes,8
Yes,No,1207,No,9
No,Yes,317,Yes,7
Yes,No,847,No,1
No,Yes,11,Yes,4
Yes,No,15,No,7
No,Yes,1118,Yes,8
Yes,No,1390,No,1
No,Yes,1491,Yes,8
Yes,No,1191,No,0
No,Yes,163,Yes,9
Yes,No,445,No,2
No,Yes,1361,Yes,2
Yes,No,244,No,2
No,Yes,649,Yes,0
Yes,No,1273,No,6
No,Yes,1393,Yes,3
Yes,No,183,No,7
No,Yes,324,Yes,5
Yes,No,431,No,6
No,Yes,613,Yes,5
Yes,No,85,No,1
No,Yes,607,Yes,7
Yes,No,1308,No,7
No,Yes,1184,Yes,2
Yes,No,1357,No,10
No,Yes,12,Yes,10
Yes,No,795,No,0
No,Yes,204,Yes,5
Yes,No,412,No,6
No,Yes,1292,Yes,6
Yes,No,699,No,6
No,Yes,78,Yes,8
Yes,No,580,No,5
No,Yes,110,Yes,2
Yes,No,293,No,3
No,Yes,433,Yes,9
Yes,No,286,No,2
No,Yes,24,Yes,5
Yes,No,531,No,4
No,Yes,22,Yes,1
Yes,No,665,No,3
No,Yes,449,Yes,7
Yes,No,1064,No,7
No,Yes,705,Yes,8
Yes,No,151,No,3
No,Yes,975,Yes,8
Yes,No,732,No,3
No,Yes,355,Yes,2
Yes,No,85,No,3
No,Yes,494,Yes,3
Yes,No,874,No,8
No,Yes,93,Yes,6
Yes,No,277,No,0
No,Yes,997,Yes,10
Yes,No,953,No,3
No,Yes,996,Yes,1
Yes,No,1298,No,2
No,Yes,1410,Yes,6
Yes,No,751,No,4
No,Yes,1369,Yes,10
Yes,No,398,No,4
No,Yes,671,Yes,6
Yes,No,1053,No,7
No,Yes,1032,Yes,2
Yes,No,1207,No,1
No,Yes,940,Yes,7
Yes,No,281,No,8
No,Yes,466,Yes,7
Yes,No,708,No,9
No,Yes,278,Yes,4
Yes,No,278,No,3
No,Yes,1270,Yes,3
Yes,No,561,No,1
No,Yes,152,Yes,0
Yes,No,437,No,5
No,Yes,1446,Yes,0
Yes,No,606,No,2
No,Yes,645,Yes,7
Yes,No,1205,No,6
No,Yes,739,Yes,2
Yes,No,1085,No,5
No,Yes,283,Yes,9
Yes,No,736,No,6
No,Yes,931,Yes,1
Yes,No,152,No,0
No,Yes,1266,Yes,5
Yes,No,640,No,1
No,Yes,714,Yes,5
Yes,No,446,No,5
No,Yes,1008,Yes,7
Yes,No,1496,No,9
No,Yes,678,Yes,7
Yes,No,1098,No,0
No,Yes,5,Yes,7
Yes,No,741,No,4
No,Yes,69,Yes,4
Yes,No,153,No,6
No,Yes,385,Yes,7
Yes,No,1208,No,2
No,Yes,168,Yes,5
Yes,No,534,No,7
No,Yes,180,Yes,2
Yes,No,890,No,2
No,Yes,280,Yes,8
Yes,No,287,No,2
No,Yes,309,Yes,6
Yes,No,536,No,8
No,Yes,1413,Yes,4
Yes,No,149,No,7
No,Yes,656,Yes,6
Yes,No,722,No,6
No,Yes,1224,Yes,1
Yes,No,211,No,3
No,Yes,273,Yes,9
Yes,No,630,No,4
No,Yes,1449,Yes,9
Yes,No,1153,No,2
No,Yes,94,Yes,10
Yes,No,1422,No,0
No,Yes,1486,Yes,6
Yes,No,391,No,0
No,Yes,1105,Yes,2
Yes,No,1072,No,6
No,Yes,881,Yes,0
Yes,No,34,No,10
No,Yes,7,Yes,6
Yes,No,1141,No,5
No,Yes,864,Yes,3
Yes,No,947,No,0
No,Yes,288,Yes,10
Yes,No,1210,No,0
No,Yes,31,Yes,1
Yes,No,612,No,2
No,Yes,1237,Yes,7
Yes,No,1051,No,5
No,Yes,1399,Yes,8
Yes,No,1174,No,6
No,Yes,974,Yes,2
Yes,No,549,No,8
No,Yes,108,Yes,1
Yes,No,19,No,5
No,Yes,837,Yes,10
Yes,No,871,No,2
No,Yes,220,Yes,5
Yes,No,1262,No,0
No,Yes,703,Yes,5
Yes,No,1005,No,5
No,Yes,156,Yes,8
Yes,No,133,No,4
No,Yes,799,Yes,1
Yes,No,452,No,5
No,Yes,249,Yes,2
Yes,No,736,No,6
No,Yes,1113,Yes,6
Yes,No,347,No,1
No,Yes,785,Yes,4
Yes,No,977,No,1
No,Yes,1269,Yes,2
Yes,No,825,No,2
No,Yes,553,Yes,5
Yes,No,1239,No,4
No,Yes,1378,Yes,2
Yes,No,1009,No,2
No,Yes,1443,Yes,3
Yes,No,1336,No,4
No,Yes,838,Yes,9
Yes,No,1322,No,6
No,Yes,743,Yes,1
Yes,No,1227,No,10
No,Yes,1014,Yes,0
Yes,No,828,No,3
No,Yes,1333,Yes,6
Yes,No,472,No,8
No,Yes,1028,Yes,1
Yes,No,1221,No,0
No,Yes,1323,Yes,0
Yes,No,96,No,2
No,Yes,460,Yes,1
Yes,No,1089,No,7
No,Yes,257,Yes,2
Yes,No,365,No,1
No,Yes,354,Yes,8
Yes,No,635,No,10
No,Yes,265,Yes,5
Yes,No,755,No,2
No,Yes,845,Yes,4
Yes,No,1364,No,8
No,Yes,58,Yes,0
Yes,No,1496,No,4
No,Yes,1324,Yes,4
Yes,No,601,No,3
No,Yes,872,Yes,9
Yes,No,1385,No,5
No,Yes,835,Yes,5
Yes,No,1178,No,5
No,Yes,1464,Yes,0
Yes,No,439,No,4
No,Yes,553,Yes,3
Yes,No,1476,No,2
No,Yes,1083,Yes,8
Yes,No,259,No,5
No,Yes,879,Yes,6
Yes,No,515,No,10
No,Yes,677,Yes,7
Yes,No,1139,No,2
No,Yes,976,Yes,5
Yes,No,314,No,7
No,Yes,461,Yes,1
Yes,No,533,No,10
No,Yes,1480,Yes,7
Yes,No,534,No,8
No,Yes,256,Yes,1
Yes,No,638,No,8
No,Yes,751,Yes,7
Yes,No,202,No,1
No,Yes,250,Yes,3
Yes,No,698,No,1
No,Yes,1255,Yes,2
Yes,No,38,No,9
No,Yes,1331,Yes,0
Yes,No,299,No,6
No,Yes,1273,Yes,0
Yes,No,742,No,10
No,Yes,937,Yes,9
Yes,No,1116,No,10
No,Yes,206,Yes,9
Yes,No,447,No,10
No,Yes,1139,Yes,7
Yes,No,1282,No,8
No,Yes,381,Yes,0
Yes,No,1363,No,0
No,Yes,165,Yes,2
Yes,No,1023,No,3
No,Yes,416,Yes,4
Yes,No,997,No,7
No,Yes,667,Yes,2
Yes,No,171,No,0
No,Yes,751,Yes,4
Yes,No,229,No,2
No,Yes,397,Yes,10
Yes,No,324,No,9
No,Yes,884,Yes,0
Yes,No,760,No,0
No,Yes,771,Yes,10
Yes,No,232,No,5
No,Yes,1230,Yes,4
Yes,No,145,No,10
No,Yes,952,Yes,0
Yes,No,1322,No,10
No,Yes,1026,Yes,5
Yes,No,866,No,1
No,Yes,1137,Yes,4
Yes,No,1418,No,5
No,Yes,875,Yes,3
Yes,No,82,No,6
No,Yes,532,Yes,5
Yes,No,999,No,7
No,Yes,811,Yes,7
Yes,No,320,No,9
No,Yes,971,Yes,0
Yes,No,635,No,6
No,Yes,323,Yes,10
Yes,No,640,No,10
No,Yes,1241,Yes,0
Yes,No,955,No,1
No,Yes,115,Yes,2
Yes,No,1217,No,8
No,Yes,1455,Yes,2
Yes,No,1189,No,10
No,Yes,1257,Yes,3
Yes,No,952,No,2
No,Yes,1004,Yes,6
Yes,No,894,No,8
No,Yes,660,Yes,8
Yes,No,413,No,9
No,Yes,1131,Yes,6
Yes,No,89,No,2
No,Yes,1094,Yes,6
Yes,No,157,No,6
No,Yes,739,Yes,1
Yes,No,1413,No,8
No,Yes,262,Yes,10
Yes,No,1177,No,5
No,Yes,194,Yes,2
Yes,No,283,No,2
No,Yes,93,Yes,5
Yes,No,1353,No,8
No,Yes,1338,Yes,1
Yes,No,164,No,0
No,Yes,176,Yes,10
Yes,No,387,No,8
No,Yes,36,Yes,3
Yes,No,720,No,2
No,Yes,244,Yes,3
Yes,No,571,No,4
No,Yes,24,Yes,1
Yes,No,915,No,3
No,Yes,905,Yes,0
Yes,No,1200,No,5
No,Yes,191,Yes,5
Yes,No,1434,No,1
No,Yes,1089,Yes,9
Yes,No,1370,No,3
No,Yes,1159,Yes,7
Yes,No,699,No,3
No,Yes,296,Yes,7
Yes,No,861,No,1
No,Yes,87,Yes,2
Yes,No,991,No,0
No,Yes,956,Yes,3
Yes,No,826,No,8
No,Yes,945,Yes,8
Yes,No,359,No,5
No,Yes,560,Yes,9
Yes,No,1042,No,4
No,Yes,1060,Yes,0
Yes,No,114,No,2
No,Yes,1389,Yes,5
Yes,No,329,No,8
No,Yes,1256,Yes,3
Yes,No,920,No,4
No,Yes,648,Yes,10
Yes,No,1129,No,9
No,Yes,196,Yes,1
Yes,No,526,No,8
No,Yes,161,Yes,0
Yes,No,534,No,2
No,Yes,434,Yes,7
Yes,No,72,No,5
No,Yes,763,Yes,8
Yes,No,457,No,6
No,Yes,584,Yes,8
Yes,No,1435,No,5
No,Yes,1325,Yes,3
Yes,No,1048,No,0
No,Yes,64,Yes,9
Yes,No,69,No,1
No,Yes,882,Yes,5
Yes,No,571,No,7
No,Yes,1193,Yes,9
Yes,No,674,No,0
No,Yes,732,Yes,10
Yes,No,680,No,7
No,Yes,749,Yes,6
Yes,No,566,No,4
No,Yes,1182,Yes,3
Yes,No,590,No,8
No,Yes,867,Yes,3
Yes,No,282,No,7
No,Yes,118,Yes,3
Yes,No,1358,No,5
No,Yes,1391,Yes,0
Yes,No,731,No,4
No,Yes,1374,Yes,5
Yes,No,801,No,2
No,Yes,1117,Yes,9
Yes,No,1144,No,6
No,Yes,1474,Yes,4
Yes,No,1211,No,2
No,Yes,607,Yes,6
Yes,No,1423,No,1
No,Yes,953,Yes,10
Yes,No,436,No,1
No,Yes,1251,Yes,9
Yes,No,230,No,1
No,Yes,430,Yes,7
Yes,No,1475,No,2
No,Yes,897,Yes,6
Yes,No,2,No,2
No,Yes,1203,Yes,10
Yes,No,631,No,7
No,Yes,1406,Yes,3
Yes,No,223,No,9
No,Yes,312,Yes,5
Yes,No,918,No,7
No,Yes,1254,Yes,2
Yes,No,1039,No,8
No,Yes,643,Yes,3
Yes,No,1025,No,8
No,Yes,1250,Yes,8
Yes,No,192,No,5
No,Yes,368,Yes,9
Yes,No,1341,No,3
No,Yes,692,Yes,0
Yes,No,1154,No,2
No,Yes,1225,Yes,0
Yes,No,1319,No,8
No,Yes,637,Yes,4
Yes,No,872,No,3
No,Yes,278,Yes,6
Yes,No,226,No,9
No,Yes,1199,Yes,5
Yes,No,472,No,1
No,Yes,1324,Yes,1
Yes,No,992,No,1
No,Yes,834,Yes,7
Yes,No,993,No,1
No,Yes,1359,Yes,4
Yes,No,404,No,0
No,Yes,887,Yes,7
Yes,No,306,No,10
No,Yes,180,Yes,2
Yes,No,1496,No,5
No,Yes,62,Yes,3
Yes,No,1370,No,9
No,Yes,258,Yes,4
Yes,No,220,No,8
No,Yes,329,Yes,5
Yes,No,1138,No,2
No,Yes,14,Yes,4
Yes,No,616,No,5
No,Yes,943,Yes,10
Yes,No,703,No,8
No,Yes,1461,Yes,3
Yes,No,1353,No,6
No,Yes,1102,Yes,9
Yes,No,1284,No,4
No,Yes,547,Yes,3
Yes,No,289,No,0
No,Yes,1368,Yes,9
Yes,No,985,No,5
No,Yes,854,Yes,2
Yes,No,649,No,3
No,Yes,1256,Yes,1
Yes,No,911,No,9
No,Yes,63,Yes,6
Yes,No,720,No,1
No,Yes,1252,Yes,9
Yes,No,176,No,4
No,Yes,72,Yes,7
Yes,No,1102,No,0
No,Yes,1205,Yes,8
Yes,No,100,No,2
No,Yes,188,Yes,8
Yes,No,503,No,0
No,Yes,686,Yes,0
Yes,No,1049,No,5
No,Yes,1046,Yes,0
Yes,No,425,No,7
No,Yes,1381,Yes,9
Yes,No,303,No,10
No,Yes,318,Yes,4
Yes,No,421,No,7
No,Yes,918,Yes,5
Yes,No,1251,No,3
No,Yes,477,Yes,2
Yes,No,6,No,5
No,Yes,1242,Yes,8
Yes,No,67,No,9
No,Yes,450,Yes,6
Yes,No,1041,No,10
No,Yes,1305,Yes,7
Yes,No,758,No,8
No,Yes,1068,Yes,3
Yes,No,893,No,2
No,Yes,623,Yes,0
Yes,No,484,No,3
No,Yes,636,Yes,7
Yes,No,1265,No,2
No,Yes,350,Yes,5
Yes,No,1184,No,5
No,Yes,163,Yes,1
Yes,No,566,No,2
No,Yes,212,Yes,4
Yes,No,623,No,8
No,Yes,174,Yes,3
Yes,No,692,No,7
No,Yes,1170,Yes,9
Yes,No,1390,No,10
No,Yes,1035,Yes,3
Yes,No,1,No,5
No,Yes,755,Yes,1
Yes,No,874,No,6
No,Yes,1391,Yes,8
Yes,No,626,No,6
No,Yes,607,Yes,10
Yes,No,654,No,10
No,Yes,329,Yes,3
Yes,No,99,No,9
No,Yes,1221,Yes,6
Yes,No,642,No,10
No,Yes,1262,Yes,1
Yes,No,182,No,10
No,Yes,842,Yes,10
Yes,No,776,No,2
No,Yes,1120,Yes,4
Yes,No,102,No,9
No,Yes,228,Yes,8
Yes,No,1300,No,2
No,Yes,879,Yes,9
Yes,No,1314,No,7
No,Yes,1367,Yes,7
Yes,No,1166,No,9
No,Yes,1300,Yes,5
Yes,No,885,No,9
No,Yes,938,Yes,5
Yes,No,57,No,4
No,Yes,1073,Yes,2
Yes,No,1101,No,10
No,Yes,524,Yes,6
Yes,No,1037,No,1
No,Yes,448,Yes,9
Yes,No,1220,No,0
No,Yes,1490,Yes,4
Yes,No,1261,No,5
No,Yes,398,Yes,10
Yes,No,992,No,1
No,Yes,1000,Yes,2
Yes,No,455,No,1
No,Yes,1044,Yes,9
Yes,No,1497,No,10
No,Yes,422,Yes,9
Yes,No,1356,No,0
No,Yes,932,Yes,5
Yes,No,1390,No,4
No,Yes,1078,Yes,6
Yes,No,757,No,7
No,Yes,1483,Yes,9
Yes,No,792,No,10
No,Yes,618,Yes,6
Yes,No,1444,No,7
No,Yes,986,Yes,9
Yes,No,1080,No,5
No,Yes,700,Yes,1
Yes,No,1241,No,8
No,Yes,1165,Yes,9
Yes,No,828,No,10
No,Yes,1407,Yes,9
Yes,No,554,No,10
No,Yes,1099,Yes,3
Yes,No,383,No,2
No,Yes,299,Yes,6
Yes,No,1283,No,6
No,Yes,607,Yes,5
Yes,No,945,No,7
No,Yes,404,Yes,4
Yes,No,82,No,5
No,Yes,365,Yes,8
Yes,No,619,No,7
No,Yes,520,Yes,5
Yes,No,608,No,5
No,Yes,758,Yes,8
Yes,No,98,No,9
No,Yes,103,Yes,7
Yes,No,1375,No,2
No,Yes,44,Yes,2
Yes,No,950,No,8
No,Yes,525,Yes,10
Yes,No,1103,No,1
No,Yes,447,Yes,7
Yes,No,1096,No,3
No,Yes,1217,Yes,2
Yes,No,70,No,0
No,Yes,211,Yes,0
Yes,No,1375,No,5
No,Yes,1095,Yes,10
Yes,No,1475,No,6
No,Yes,101,Yes,0
Yes,No,1008,No,2
No,Yes,182,Yes,4
Yes,No,757,No,1
No,Yes,654,Yes,8
Yes,No,1277,No,10
No,Yes,281,Yes,10
Yes,No,424,No,1
No,Yes,1388,Yes,6
Yes,No,647,No,4
No,Yes,799,Yes,4
Yes,No,251,No,2
No,Yes,473,Yes,2
Yes,No,481,No,3
No,Yes,442,Yes,4
Yes,No,1390,No,5
No,Yes,1445,Yes,10
Yes,No,1105,No,6
No,Yes,1039,Yes,4
Yes,No,1170,No,10
No,Yes,899,Yes,1
Yes,No,91,No,2
No,Yes,972,Yes,1
Yes,No,401,No,9
No,Yes,1286,Yes,4
Yes,No,1395,No,10
No,Yes,1208,Yes,7
Yes,No,1394,No,10
No,Yes,182,Yes,9
Yes,No,1206,No,9
No,Yes,642,Yes,5
Yes,No,218,No,3
No,Yes,974,Yes,3
Yes,No,1167,No,2
No,Yes,122,Yes,4
Yes,No,1315,No,6
No,Yes,1020,Yes,4
Yes,No,875,No,1
No,Yes,670,Yes,4
Yes,No,885,No,4
No,Yes,949,Yes,2
Yes,No,184,No,7
No,Yes,220,Yes,2
Yes,No,1424,No,1
No,Yes,837,Yes,10
Yes,No,1242,No,3
No,Yes,688,Yes,9
Yes,No,291,No,6
No,Yes,16,Yes,9
Yes,No,255,No,3
No,Yes,402,Yes,6
Yes,No,414,No,7
No,Yes,401,Yes,3
Yes,No,1395,No,10
No,Yes,967,Yes,1
Yes,No,1169,No,5
No,Yes,1172,Yes,2
Yes,No,784,No,6
No,Yes,399,Yes,1
Yes,No,1499,No,1
No,Yes,341,Yes,4
Yes,No,602,No,8
No,Yes,38,Yes,0
Yes,No,760,No,8
No,Yes,428,Yes,4
Yes,No,297,No,7
No,Yes,337,Yes,4
Yes,No,858,No,4
No,Yes,579,Yes,9
Yes,No,209,No,7
No,Yes,77,Yes,4
Yes,No,859,No,8
No,Yes,1428,Yes,6
Yes,No,1418,No,1
No,Yes,1006,Yes,10
Yes,No,171,No,8
No,Yes,453,Yes,9
Yes,No,259,No,7
No,Yes,1159,Yes,2
Yes,No,831,No,0
No,Yes,517,Yes,10
Yes,No,779,No,7
No,Yes,1038,Yes,7
Yes,No,709,No,5
No,Yes,362,Yes,10
Yes,No,218,No,2
No,Yes,667,Yes,7
Yes,No,1067,No,4
No,Yes,1194,Yes,0
Yes,No,344,No,10
No,Yes,15,Yes,2
Yes,No,36,No,9
No,Yes,710,Yes,6
Yes,No,1343,No,8
No,Yes,1433,Yes,5
Yes,No,1212,No,2
No,Yes,337,Yes,0
Yes,No,1249,No,9
No,Yes,1243,Yes,0
Yes,No,1216,No,2
No,Yes,656,Yes,0
Yes,No,323,No,5
No,Yes,1380,Yes,2
Yes,No,1129,No,6
No,Yes,1121,Yes,1
Yes,No,355,No,10
No,Yes,1266,Yes,5
Yes,No,713,No,0
No,Yes,260,Yes,2
Yes,No,1365,No,6
No,Yes,706,Yes,7
Yes,No,630,No,8
No,Yes,874,Yes,3
Yes,No,929,No,5
No,Yes,4,Yes,3
Yes,No,1252,No,4
No,Yes,3,Yes,3
Yes,No,1314,No,1
No,Yes,969,Yes,6
Yes,No,1287,No,4
No,Yes,1132,Yes,7
Yes,No,1490,No,8
No,Yes,1152,Yes,1
Yes,No,58,No,4
No,Yes,952,Yes,7
Yes,No,716,No,0
No,Yes,273,Yes,9
Yes,No,409,No,2
No,Yes,873,Yes,0
Yes,No,1390,No,7
No,Yes,1133,Yes,3
Yes,No,881,No,2
No,Yes,930,Yes,0
Yes,No,1038,No,7
No,Yes,1113,Yes,4
Yes,No,108,No,1
No,Yes,787,Yes,10
Yes,No,525,No,1
No,Yes,976,Yes,7
Yes,No,937,No,3
No,Yes,1237,Yes,8
Yes,No,434,No,0
No,Yes,1244,Yes,7
Yes,No,370,No,2
No,Yes,994,Yes,3
Yes,No,991,No,5
No,Yes,103,Yes,3
Yes,No,157,No,4
No,Yes,763,Yes,10
Yes,No,575,No,7
No,Yes,536,Yes,4
Yes,No,1016,No,7
No,Yes,762,Yes,9
Yes,No,378,No,2
No,Yes,266,Yes,5
Yes,No,971,No,6
No,Yes,239,Yes,6
Yes,No,686,No,10
No,Yes,1463,Yes,7
Yes,No,1368,No,0
No,Yes,1029,Yes,8
Yes,No,743,No,6
No,Yes,1340,Yes,2
Yes,No,274,No,5
No,Yes,1157,Yes,5
Yes,No,1222,No,0
No,Yes,101,Yes,6
Yes,No,641,No,7
No,Yes,951,Yes,9
Yes,No,523,No,9
No,Yes,1458,Yes,7
Yes,No,181,No,2
No,Yes,135,Yes,5
Yes,No,1214,No,1
No,Yes,1353,Yes,9
Yes,No,484,No,2
No,Yes,1276,Yes,2
Yes,No,1232,No,10
No,Yes,792,Yes,0
Yes,No,1492,No,4
No,Yes,906,Yes,2
Yes,No,772,No,6
No,Yes,1144,Yes,5
Yes,No,602,No,9
No,Yes,1065,Yes,2
Yes,No,585,No,4
No,Yes,621,Yes,6
Yes,No,791,No,3
No,Yes,498,Yes,8
Yes,No,1217,No,1
No,Yes,779,Yes,0
Yes,No,1340,No,6
No,Yes,192,Yes,10
Yes,No,357,No,7
No,Yes,581,Yes,1
Yes,No,1053,No,5
No,Yes,1077,Yes,6
Yes,No,817,No,3
No,Yes,30,Yes,8
Yes,No,224,No,7
No,Yes,571,Yes,8
Yes,No,588,No,8
No,Yes,54,Yes,9
Yes,No,123,No,6
No,Yes,1435,Yes,10
Yes,No,303,No,0
No,Yes,305,Yes,10
Yes,No,1259,No,4
No,Yes,967,Yes,3
Yes,No,128,No,1
No,Yes,1424,Yes,8
Yes,No,593,No,10
No,Yes,1135,Yes,0
Yes,No,495,No,8
No,Yes,529,Yes,9
Yes,No,1431,No,6
No,Yes,1232,Yes,7
Yes,No,929,No,0
No,Yes,52,Yes,10
Yes,No,1468,No,7
No,Yes,340,Yes,1
Yes,No,626,No,4
No,Yes,1175,Yes,0
Yes,No,5,No,0
No,Yes,1266,Yes,9
Yes,No,12,No,7
No,Yes,1069,Yes,9
Yes,No,643,No,0
No,Yes,713,Yes,2
Yes,No,199,No,10
No,Yes,664,Yes,7
Yes,No,1150,No,5
No,Yes,149,Yes,4
Yes,No,454,No,4
No,Yes,1384,Yes,10
Yes,No,1282,No,0
No,Yes,56,Yes,0
Yes,No,1483,No,7
No,Yes,845,Yes,10
Yes,No,637,No,1
No,Yes,239,Yes,2
Yes,No,448,No,3
No,Yes,721,Yes,10
Yes,No,1427,No,4
No,Yes,1487,Yes,8
Yes,No,282,No,0
No,Yes,369,Yes,9
Yes,No,1004,No,8
No,Yes,1349,Yes,2
Yes,No,1125,No,8
No,Yes,1237,Yes,7
Yes,No,1,No,1
No,Yes,488,Yes,8
Yes,No,742,No,4
No,Yes,1483,Yes,10
Yes,No,1064,No,7
No,Yes,292,Yes,1
Yes,No,1362,No,6
No,Yes,634,Yes,1
Yes,No,718,No,1
No,Yes,1187,Yes,6
Yes,No,665,No,9
No,Yes,1274,Yes,9
Yes,No,803,No,1
No,Yes,1449,Yes,1
Yes,No,89,No,1
No,Yes,405,Yes,1
Yes,No,651,No,3
No,Yes,321,Yes,2
Yes,No,349,No,1
No,Yes,649,Yes,9
Yes,No,9,No,3
No,Yes,860,Yes,9
Yes,No,1084,No,0
No,Yes,1200,Yes,7
Yes,No,1147,No,2
No,Yes,392,Yes,2
Yes,No,1398,No,0
No,Yes,1015,Yes,1
Yes,No,1359,No,9
No,Yes,1268,Yes,9
Yes,No,429,No,7
No,Yes,1357,Yes,1
Yes,No,57,No,7
No,Yes,105,Yes,4
Yes,No,1238,No,3
No,Yes,197,Yes,10
Yes,No,531,No,2
No,Yes,1190,Yes,1
Yes,No,273,No,9
No,Yes,843,Yes,5
Yes,No,664,No,7
No,Yes,1308,Yes,5
Yes,No,998,No,1
No,Yes,789,Yes,0
Yes,No,553,No,10
No,Yes,292,Yes,4
Yes,No,1358,No,5
No,Yes,115,Yes,0
Yes,No,99,No,9
No,Yes,1161,Yes,2
Yes,No,940,No,5
No,Yes,1373,Yes,7
Yes,No,1101,No,7
No,Yes,1300,Yes,9
Yes,No,708,No,9
No,Yes,60,Yes,6
Yes,No,1370,No,1
No,Yes,1141,Yes,6
Yes,No,739,No,6
No,Yes,657,Yes,0
Yes,No,261,No,5
No,Yes,1123,Yes,7
Yes,No,1367,No,6
No,Yes,225,Yes,3
Yes,No,30,No,3
No,Yes,678,Yes,7
Yes,No,642,No,4
No,Yes,239,Yes,5
Yes,No,1262,No,10
No,Yes,573,Yes,1
Yes,No,732,No,8
No,Yes,966,Yes,4
Yes,No,367,No,8
No,Yes,671,Yes,7
Yes,No,995,No,1
No,Yes,1163,Yes,0
Yes,No,849,No,5
No,Yes,64,Yes,5
Yes,No,144,No,6
No,Yes,808,Yes,3
Yes,No,1064,No,9
No,Yes,1427,Yes,1
Yes,No,1383,No,9
No,Yes,470,Yes,5
Yes,No,1309,No,9
No,Yes,1466,Yes,3
Yes,No,1326,No,10
No,Yes,93,Yes,5
Yes,No,1081,No,8
No,Yes,287,Yes,7
Yes,No,699,No,2
No,Yes,452,Yes,10
Yes,No,1137,No,2
No,Yes,1135,Yes,7
Yes,No,838,No,9
No,Yes,1441,Yes,5
Yes,No,198,No,7
No,Yes,1197,Yes,8
Yes,No,1273,No,7
No,Yes,1346,Yes,3
Yes,No,1257,No,6
No,Yes,1418,Yes,3
Yes,No,1310,No,9
No,Yes,93,Yes,5
Yes,No,719,No,8
No,Yes,149,Yes,5
Yes,No,702,No,10
No,Yes,1446,Yes,1
Yes,No,1344,No,1
No,Yes,1384,Yes,7
Yes,No,1474,No,7
No,Yes,839,Yes,1
Yes,No,192,No,0
No,Yes,902,Yes,2
Yes,No,350,No,5
No,Yes,1362,Yes,10
Yes,No,784,No,8
No,Yes,291,Yes,0
Yes,No,294,No,7
No,Yes,178,Yes,0
Yes,No,1007,No,9
No,Yes,1313,Yes,6
Yes,No,1260,No,9
No,Yes,1383,Yes,4
Yes,No,109,No,6
No,Yes,1287,Yes,0
Yes,No,294,No,2
No,Yes,1251,Yes,3
Yes,No,889,No,2
No,Yes,487,Yes,5
Yes,No,697,No,7
No,Yes,257,Yes,7
Yes,No,1063,No,4
No,Yes,1402,Yes,5
Yes,No,1304,No,9
No,Yes,139,Yes,9
Yes,No,201,No,2
No,Yes,1133,Yes,9
Yes,No,58,No,5
No,Yes,882,Yes,5
Yes,No,1242,No,4
No,Yes,630,Yes,8
Yes,No,539,No,8
No,Yes,433,Yes,5
Yes,No,821,No,1
No,Yes,798,Yes,6
Yes,No,1177,No,5
No,Yes,1426,Yes,9
Yes,No,310,No,0
No,Yes,1162,Yes,2
Yes,No,333,No,6
No,Yes,293,Yes,9
Yes,No,926,No,3
No,Yes,1035,Yes,4
Yes,No,1043,No,2
No,Yes,445,Yes,6
Yes,No,1448,No,0
No,Yes,444,Yes,1
Yes,No,1330,No,1
No,Yes,1045,Yes,8
Yes,No,466,No,9
No,Yes,289,Yes,2
Yes,No,137,No,1
No,Yes,350,Yes,10
Yes,No,921,No,6
No,Yes,1467,Yes,1
Yes,No,1414,No,4
No,Yes,669,Yes,1
Yes,No,758,No,3
No,Yes,802,Yes,5
Yes,No,826,No,4
No,Yes,21,Yes,5
Yes,No,505,No,1
No,Yes,384,Yes,5
Yes,No,1372,No,10
No,Yes,799,Yes,6
Yes,No,21,No,2
No,Yes,941,Yes,5
Yes,No,611,No,6
No,Yes,695,Yes,1
Yes,No,315,No,5
No,Yes,1316,Yes,3
Yes,No,1366,No,9
No,Yes,11,Yes,9
Yes,No,1341,No,4
No,Yes,65,Yes,5
Yes,No,391,No,8
No,Yes,1254,Yes,3
Yes,No,899,No,6
No,Yes,612,Yes,7
Yes,No,1453,No,6
No,Yes,915,Yes,4
Yes,No,326,No,5
No,Yes,744,Yes,10
Yes,No,458,No,8
No,Yes,492,Yes,0
Yes,No,1298,No,4
No,Yes,1465,Yes,8
Yes,No,1118,No,6
No,Yes,1436,Yes,8
Yes,No,484,No,7
No,Yes,520,Yes,0
Yes,No,558,No,8
No,Yes,1273,Yes,10
Yes,No,1046,No,0
No,Yes,1151,Yes,3
Yes,No,777,No,8
No,Yes,134,Yes,3
Yes,No,728,No,2
No,Yes,458,Yes,1
Yes,No,683,No,7
No,Yes,385,Yes,5
Yes,No,480,No,7
No,Yes,1322,Yes,6
Yes,No,41,No,10
No,Yes,660,Yes,5
Yes,No,1488,No,1
No,Yes,1322,Yes,2
Yes,No,110,No,9
No,Yes,1038,Yes,1
Yes,No,122,No,0
No,Yes,1034,Yes,4
Yes,No,337,No,2
No,Yes,1399,Yes,6
Yes,No,866,No,10
No,Yes,1036,Yes,3
Yes,No,176,No,8
No,Yes,167,Yes,2
Yes,No,257,No,3
No,Yes,1013,Yes,2
Yes,No,26,No,10
No,Yes,976,Yes,9
Yes,No,1038,No,0
No,Yes,944,Yes,2
Yes,No,1002,No,10
No,Yes,1314,Yes,7
Yes,No,498,No,7
No,Yes,1496,Yes,2
Yes,No,36,No,10
No,Yes,1424,Yes,1
Yes,No,630,No,1
No,Yes,188,Yes,2
Yes,No,190,No,7
No,Yes,1358,Yes,5
Yes,No,1086,No,3
No,Yes,633,Yes,0
Yes,No,518,No,9
No,Yes,1468,Yes,8
Yes,No,1345,No,8
No,Yes,1167,Yes,3
Yes,No,506,No,0
No,Yes,981,Yes,0
Yes,No,548,No,0
No,Yes,1389,Yes,8
Yes,No,1250,No,6
No,Yes,697,Yes,4
Yes,No,609,No,3
No,Yes,428,Yes,2
Yes,No,59,No,1
No,Yes,1223,Yes,6
Yes,No,311,No,7
No,Yes,129,Yes,1
Yes,No,738,No,2
No,Yes,54,Yes,0
Yes,No,180,No,3
No,Yes,812,Yes,8
Yes,No,505,No,1
No,Yes,1482,Yes,0
Yes,No,1431,No,8
No,Yes,310,Yes,8
Yes,No,48,No,10
No,Yes,1228,Yes,8
Yes,No,439,No,0
No,Yes,571,Yes,4
Yes,No,1187,No,6
No,Yes,1031,Yes,0
Yes,No,297,No,9
No,Yes,795,Yes,0
Yes,No,1344,No,5
No,Yes,1088,Yes,0
Yes,No,311,No,9
No,Yes,467,Yes,3
Yes,No,681,No,4
No,Yes,1319,Yes,9
Yes,No,1237,No,1
No,Yes,1192,Yes,7
Yes,No,96,No,3
No,Yes,970,Yes,9
Yes,No,755,No,9
No,Yes,1040,Yes,6
Yes,No,10,No,3
No,Yes,494,Yes,4
Yes,No,1232,No,9
No,Yes,1274,Yes,10
Yes,No,424,No,2
No,Yes,361,Yes,8
Yes,No,1219,No,9
No,Yes,409,Yes,3
Yes,No,13,No,0
No,Yes,1179,Yes,0
Yes,No,248,No,10
No,Yes,6,Yes,9
Yes,No,590,No,3
No,Yes,453,Yes,2
Yes,No,1280,No,4
No,Yes,276,Yes,8
Yes,No,65,No,6
No,Yes,402,Yes,2
Yes,No,1006,No,4
No,Yes,874,Yes,9
Yes,No,1108,No,8
No,Yes,191,Yes,8
Yes,No,509,No,7
No,Yes,1280,Yes,2
Yes,No,267,No,8
No,Yes,1011,Yes,5
Yes,No,1087,No,1
No,Yes,855,Yes,7
Yes,No,1122,No,8
No,Yes,1269,Yes,9
Yes,No,937,No,4
No,Yes,1317,Yes,8
Yes,No,745,No,7
No,Yes,68,Yes,1
Yes,No,1333,No,1
No,Yes,1021,Yes,9
Yes,No,1303,No,5
No,Yes,204,Yes,5
Yes,No,1304,No,10
No,Yes,394,Yes,9
Yes,No,126,No,3
No,Yes,908,Yes,3
Yes,No,862,No,7
No,Yes,428,Yes,5
Yes,No,502,No,4
No,Yes,253,Yes,6
Yes,No,488,No,5
No,Yes,1200,Yes,8
Yes,No,1069,No,2
No,Yes,178,Yes,6
Yes,No,961,No,10
No,Yes,553,Yes,7
Yes,No,225,No,9
No,Yes,1273,Yes,2
Yes,No,280,No,7
No,Yes,245,Yes,1
Yes,No,1377,No,3
No,Yes,739,Yes,10
Yes,No,0,No,4
No,Yes,1178,Yes,3
Yes,No,49,No,9
No,Yes,752,Yes,6
Yes,No,145,No,2
No,Yes,571,Yes,1
Yes,No,1048,No,1
No,Yes,141,Yes,1
Yes,No,906,No,1
No,Yes,485,Yes,10
Yes,No,594,No,2
No,Yes,49,Yes,5
Yes,No,1491,No,3
No,Yes,994,Yes,2
Yes,No,125,No,9
No,Yes,614,Yes,5
Yes,No,1206,No,9
No,Yes,165,Yes,1
Yes,No,805,No,7
No,Yes,581,Yes,6
Yes,No,651,No,2
No,Yes,508,Yes,7
Yes,No,43,No,7
No,Yes,97,Yes,9
Yes,No,56,No,9
No,Yes,419,Yes,6
Yes,No,742,No,6
No,Yes,1180,Yes,0
Yes,No,1134,No,3
No,Yes,64,Yes,1
Yes,No,659,No,10
No,Yes,1021,Yes,8
Yes,No,167,No,5
No,Yes,382,Yes,10
Yes,No,226,No,3
No,Yes,1402,Yes,9
Yes,No,226,No,7
No,Yes,902,Yes,9
Yes,No,851,No,2
No,Yes,893,Yes,5
Yes,No,727,No,4
No,Yes,1391,Yes,1
Yes,No,675,No,3
No,Yes,1459,Yes,3
Yes,No,612,No,7
No,Yes,1470,Yes,2
Yes,No,391,No,7
No,Yes,1296,Yes,7
Yes,No,285,No,0
No,Yes,459,Yes,7
Yes,No,279,No,6
No,Yes,455,Yes,2
Yes,No,857,No,9
No,Yes,342,Yes,4
Yes,No,1427,No,9
No,Yes,822,Yes,1
Yes,No,1023,No,10
No,Yes,1080,Yes,7
Yes,No,60,No,10
No,Yes,1262,Yes,5
Yes,No,10,No,10
No,Yes,620,Yes,7
Yes,No,585,No,9
No,Yes,823,Yes,6
Yes,No,1132,No,2
No,Yes,174,Yes,3
Yes,No,1244,No,2
No,Yes,563,Yes,6
Yes,No,737,No,6
No,Yes,1122,Yes,9
Yes,No,1463,No,9
No,Yes,685,Yes,10
Yes,No,222,No,6
No,Yes,2,Yes,10
Yes,No,568,No,0
No,Yes,959,Yes,5
Yes,No,424,No,3
No,Yes,97,Yes,10
Yes,No,433,No,6
No,Yes,1468,Yes,10
Yes,No,938,No,9
No,Yes,744,Yes,1
Yes,No,805,No,4
No,Yes,602,Yes,2
Yes,No,743,No,1
No,Yes,1081,Yes,2
Yes,No,586,No,5
No,Yes,1450,Yes,4
Yes,No,395,No,9
No,Yes,797,Yes,8
Yes,No,1441,No,10
No,Yes,1222,Yes,1
Yes,No,1498,No,8
No,Yes,1204,Yes,6
Yes,No,135,No,6
No,Yes,1426,Yes,10
Yes,No,476,No,7
No,Yes,490,Yes,5
Yes,No,576,No,7
No,Yes,1425,Yes,6
Yes,No,1082,No,2
No,Yes,1101,Yes,6
Yes,No,1284,No,5
No,Yes,57,Yes,3
Yes,No,860,No,5
No,Yes,69,Yes,9
Yes,No,1079,No,1
No,Yes,4,Yes,1
Yes,No,1405,No,6
No,Yes,1331,Yes,9
Yes,No,1193,No,8
No,Yes,742,Yes,4
Yes,No,290,No,4
No,Yes,1093,Yes,7
Yes,No,48,No,4
No,Yes,143,Yes,9
Yes,No,1305,No,9
No,Yes,958,Yes,8
Yes,No,858,No,10
No,Yes,1041,Yes,9
Yes,No,1265,No,10
No,Yes,1271,Yes,0
Yes,No,1000,No,7
No,Yes,1270,Yes,4
Yes,No,358,No,4
No,Yes,1109,Yes,7
Yes,No,1048,No,6
No,Yes,939,Yes,2
Yes,No,637,No,6
No,Yes,1106,Yes,6
Yes,No,848,No,9
No,Yes,608,Yes,10
Yes,No,433,No,2
No,Yes,1488,Yes,4
Yes,No,1338,No,8
No,Yes,281,Yes,3
Yes,No,462,No,7
No,Yes,1009,Yes,0
Yes,No,1345,No,0
No,Yes,1350,Yes,5
Yes,No,704,No,5
No,Yes,1359,Yes,8
Yes,No,1015,No,4
No,Yes,1156,Yes,1
Yes,No,714,No,10
No,Yes,1427,Yes,4
Yes,No,968,No,2
No,Yes,935,Yes,5
Yes,No,716,No,9
No,Yes,1050,Yes,0
Yes,No,253,No,2
No,Yes,1162,Yes,9
Yes,No,1332,No,3
No,Yes,555,Yes,2
Yes,No,890,No,5
No,Yes,1479,Yes,9
Yes,No,1406,No,7
No,Yes,670,Yes,7
Yes,No,1148,No,8
No,Yes,329,Yes,2
Yes,No,591,No,7
No,Yes,583,Yes,2
Yes,No,233,No,2
No,Yes,1303,Yes,2
Yes,No,510,No,4
No,Yes,292,Yes,3
Yes,No,842,No,6
No,Yes,1173,Yes,7
Yes,No,696,No,10
No,Yes,843,Yes,7
Yes,No,1126,No,10
No,Yes,464,Yes,3
Yes,No,257,No,7
No,Yes,136,Yes,3
Yes,No,1303,No,4
No,Yes,984,Yes,9
Yes,No,1148,No,4
No,Yes,376,Yes,7
Yes,No,175,No,7
No,Yes,786,Yes,6
Yes,No,983,No,7
No,Yes,214,Yes,10
Yes,No,1334,No,0
No,Yes,1157,Yes,8
Yes,No,1411,No,4
No,Yes,409,Yes,5
Yes,No,1252,No,3
No,Yes,809,Yes,2
Yes,No,159,No,8
No,Yes,759,Yes,7
Yes,No,336,No,10
No,Yes,858,Yes,2
Yes,No,452,No,2
No,Yes,878,Yes,5
Yes,No,61,No,1
No,Yes,1139,Yes,6
Yes,No,550,No,4
No,Yes,1209,Yes,1
Yes,No,1408,No,0
No,Yes,271,Yes,8
Yes,No,812,No,5
No,Yes,845,Yes,9
Yes,No,53,No,3
No,Yes,679,Yes,0
Yes,No,45,No,1
No,Yes,369,Yes,7
Yes,No,1249,No,4
No,Yes,1419,Yes,9
Yes,No,559,No,1
No,Yes,1021,Yes,0
Yes,No,347,No,2
No,Yes,594,Yes,0
Yes,No,1049,No,2
No,Yes,1347,Yes,0
Yes,No,1280,No,2
No,Yes,928,Yes,7
Yes,No,885,No,5
No,Yes,472,Yes,1
Yes,No,1400,No,4
No,Yes,1133,Yes,6
Yes,No,1133,No,4
No,Yes,1142,Yes,8
Yes,No,650,No,8
No,Yes,565,Yes,5
Yes,No,1015,No,8
No,Yes,1098,Yes,3
Yes,No,1367,No,3
No,Yes,374,Yes,5
Yes,No,527,No,3
No,Yes,938,Yes,0
Yes,No,1004,No,3
No,Yes,453,Yes,4
Yes,No,377,No,3
No,Yes,211,Yes,2
Yes,No,1484,No,4
No,Yes,1268,Yes,3
Yes,No,752,No,10
No,Yes,850,Yes,8
Yes,No,1338,No,6
No,Yes,281,Yes,9
Yes,No,163,No,7
No,Yes,1121,Yes,10
Yes,No,905,No,4
No,Yes,198,Yes,6
Yes,No,1418,No,6
No,Yes,529,Yes,4
Yes,No,416,No,9
No,Yes,269,Yes,4
Yes,No,386,No,5
No,Yes,528,Yes,6
Yes,No,824,No,4
No,Yes,667,Yes,5
Yes,No,873,No,4
No,Yes,1063,Yes,6
Yes,No,127,No,4
No,Yes,3,Yes,8
Yes,No,71,No,1
No,Yes,1433,Yes,8
Yes,No,868,No,0
No,Yes,415,Yes,7
Yes,No,705,No,4
No,Yes,727,Yes,7
Yes,No,550,No,7
No,Yes,1225,Yes,8
Yes,No,1246,No,6
No,Yes,1493,Yes,9
Yes,No,356,No,1
No,Yes,128,Yes,1
Yes,No,1471,No,2
No,Yes,140,Yes,2
Yes,No,594,No,1
No,Yes,1317,Yes,7
Yes,No,63,No,1
No,Yes,450,Yes,7
Yes,No,394,No,8
No,Yes,367,Yes,1
Yes,No,1490,No,2
No,Yes,960,Yes,1
Yes,No,69,No,1
No,Yes,1107,Yes,9
Yes,No,380,No,10
No,Yes,801,Yes,5
Yes,No,95,No,9
No,Yes,936,Yes,0
Yes,No,340,No,10
No,Yes,775,Yes,3
Yes,No,579,No,10
No,Yes,1176,Yes,1
Yes,No,697,No,0
No,Yes,1027,Yes,9
Yes,No,118,No,4
No,Yes,773,Yes,10
Yes,No,666,No,6
No,Yes,745,Yes,0
Yes,No,947,No,2
No,Yes,1275,Yes,0
Yes,No,1389,No,1
No,Yes,142,Yes,10
Yes,No,1325,No,3
No,Yes,462,Yes,3
Yes,No,331,No,2
No,Yes,523,Yes,3
Yes,No,277,No,5
No,Yes,1306,Yes,6
Yes,No,129,No,9
No,Yes,92,Yes,5
Yes,No,1362,No,1
No,Yes,379,Yes,7
Yes,No,744,No,10
No,Yes,89,Yes,3
Yes,No,234,No,5
No,Yes,1384,Yes,3
Yes,No,950,No,10
No,Yes,614,Yes,8
Yes,No,1450,No,6
No,Yes,604,Yes,6
Yes,No,702,No,8
No,Yes,997,Yes,0
Yes,No,1081,No,5
No,Yes,1289,Yes,9
Yes,No,914,No,7
No,Yes,1246,Yes,4
Yes,No,549,No,6
No,Yes,288,Yes,10
Yes,No,955,No,1
No,Yes,107,Yes,5
Yes,No,385,No,3
No,Yes,1346,Yes,4
Yes,No,672,No,4
No,Yes,363,Yes,8
Yes,No,2,No,10
No,Yes,350,Yes,7
Yes,No,1417,No,9
No,Yes,15,Yes,4
Yes,No,309,No,0
No,Yes,515,Yes,2
Yes,No,442,No,9
No,Yes,791,Yes,4
Yes,No,593,No,0
No,Yes,413,Yes,4
Yes,No,215,No,2
No,Yes,1418,Yes,10
Yes,No,734,No,5
No,Yes,784,Yes,2
Yes,No,968,No,2
No,Yes,1454,Yes,9
Yes,No,504,No,7
No,Yes,1288,Yes,6
Yes,No,1222,No,7
No,Yes,128,Yes,10
Yes,No,891,No,2
No,Yes,556,Yes,1
Yes,No,914,No,7
No,Yes,557,Yes,2
Yes,No,1320,No,6
No,Yes,647,Yes,6
Yes,No,363,No,7
No,Yes,298,Yes,8
Yes,No,32,No,2
No,Yes,462,Yes,5
Yes,No,70,No,2
No,Yes,1386,Yes,2
Yes,No,319,No,5
No,Yes,174,Yes,3
Yes,No,661,No,4
No,Yes,104,Yes,6
Yes,No,225,No,8
No,Yes,617,Yes,8
Yes,No,114,No,6
No,Yes,1452,Yes,2
Yes,No,762,No,1
No,Yes,627,Yes,3
Yes,No,822,No,5
No,Yes,500,Yes,1
Yes,No,580,No,1
No,Yes,1086,Yes,1
Yes,No,983,No,10
No,Yes,200,Yes,8
Yes,No,186,No,10
No,Yes,1135,Yes,0
Yes,No,944,No,7
No,Yes,1435,Yes,6
Yes,No,1085,No,6
No,Yes,899,Yes,0
Yes,No,1041,No,5
No,Yes,522,Yes,9
Yes,No,1146,No,8
No,Yes,1153,Yes,3
Yes,No,1061,No,9
No,Yes,823,Yes,3
Yes,No,1427,No,8
No,Yes,625,Yes,1
Yes,No,132,No,7
No,Yes,1256,Yes,6
Yes,No,611,No,5
No,Yes,291,Yes,0
Yes,No,929,No,1
No,Yes,1438,Yes,1
Yes,No,1043,No,8
No,Yes,327,Yes,8
Yes,No,771,No,8
No,Yes,1329,Yes,0
Yes,No,557,No,0
No,Yes,616,Yes,2
Yes,No,1387,No,1
No,Yes,229,Yes,0
Yes,No,66,No,6
No,Yes,1190,Yes,7
Yes,No,67,No,8
No,Yes,1120,Yes,9
Yes,No,580,No,2
No,Yes,848,Yes,9
Yes,No,1063,No,0
No,Yes,340,Yes,1
Yes,No,542,No,8
No,Yes,34,Yes,9
Yes,No,1241,No,5
No,Yes,146,Yes,10
Yes,No,202,No,10
No,Yes,94,Yes,8
Yes,No,686,No,0
No,Yes,886,Yes,2
Yes,No,1289,No,1
No,Yes,1487,Yes,0
Yes,No,634,No,6
No,Yes,1004,Yes,0
Yes,No,862,No,1
No,Yes,28,Yes,0
Yes,No,1433,No,3
No,Yes,781,Yes,2
Yes,No,501,No,9
No,Yes,1437,Yes,8
Yes,No,76,No,3
No,Yes,1051,Yes,9
Yes,No,473,No,8
No,Yes,783,Yes,9
Yes,No,820,No,8
No,Yes,1137,Yes,10
Yes,No,366,No,6
No,Yes,341,Yes,7
Yes,No,407,No,6
No,Yes,758,Yes,3
Yes,No,210,No,0
No,Yes,906,Yes,5
Yes,No,218,No,4
No,Yes,1041,Yes,8
Yes,No,1068,No,8
No,Yes,339,Yes,0
Yes,No,331,No,5
No,Yes,421,Yes,1
Yes,No,451,No,10
No,Yes,44,Yes,3
Yes,No,1122,No,1
No,Yes,1467,Yes,2
Yes,No,316,No,9
No,Yes,1147,Yes,4
Yes,No,1327,No,7
No,Yes,928,Yes,4
Yes,No,1458,No,8
No,Yes,186,Yes,5
Yes,No,1054,No,9
No,Yes,1001,Yes,5
Yes,No,1196,No,7
No,Yes,794,Yes,3
Yes,No,689,No,0
No,Yes,1351,Yes,10
Yes,No,1465,No,1
No,Yes,395,Yes,4
Yes,No,1399,No,10
No,Yes,128,Yes,7
Yes,No,1437,No,7
No,Yes,1370,Yes,8
Yes,No,1202,No,9
No,Yes,774,Yes,1
Yes,No,250,No,1
No,Yes,768,Yes,0
Yes,No,331,No,7
No,Yes,212,Yes,10
Yes,No,670,No,7
No,Yes,533,Yes,1
Yes,No,1221,No,3
No,Yes,980,Yes,0
Yes,No,538,No,1
No,Yes,504,Yes,10
Yes,No,454,No,3
No,Yes,960,Yes,6
Yes,No,543,No,3
No,Yes,18,Yes,9
Yes,No,797,No,4
No,Yes,1176,Yes,10
Yes,No,745,No,3
No,Yes,973,Yes,5
Yes,No,1374,No,10
No,Yes,548,Yes,9
Yes,No,1425,No,2
No,Yes,187,Yes,8
Yes,No,931,No,5
No,Yes,1103,Yes,10
Yes,No,263,No,5
No,Yes,406,Yes,7
Yes,No,975,No,0
No,Yes,1461,Yes,2
Yes,No,796,No,9
No,Yes,167,Yes,4
Yes,No,783,No,2
No,Yes,1039,Yes,1
Yes,No,340,No,10
No,Yes,1395,Yes,1
Yes,No,531,No,5
No,Yes,754,Yes,0
Yes,No,718,No,9
No,Yes,587,Yes,0
Yes,No,58,No,0
No,Yes,1142,Yes,4
Yes,No,54,No,8
No,Yes,1085,Yes,1
Yes,No,1250,No,1
No,Yes,1498,Yes,9
Yes,No,1448,No,1
No,Yes,227,Yes,8
Yes,No,456,No,10
No,Yes,633,Yes,4
Yes,No,946,No,8
No,Yes,938,Yes,2
Yes,No,385,No,6
No,Yes,1084,Yes,6
Yes,No,1288,No,10
No,Yes,164,Yes,10
Yes,No,855,No,1
No,Yes,1322,Yes,5
Yes,No,1146,No,9
No,Yes,477,Yes,1
Yes,No,1003,No,4
No,Yes,1445,Yes,4
Yes,No,79,No,10
No,Yes,530,Yes,8
Yes,No,517,No,3
No,Yes,891,Yes,4
Yes,No,1483,No,7
No,Yes,463,Yes,8
Yes,No,215,No,7
No,Yes,1161,Yes,3
Yes,No,499,No,10
No,Yes,289,Yes,2
Yes,No,1419,No,5
No,Yes,115,Yes,4
Yes,No,1369,No,8
No,Yes,519,Yes,2
Yes,No,205,No,4
No,Yes,1381,Yes,10
Yes,No,914,No,5
No,Yes,1160,Yes,5
Yes,No,211,No,1
No,Yes,64,Yes,4
Yes,No,143,No,10
No,Yes,396,Yes,10
Yes,No,731,No,3
No,Yes,64,Yes,1
Yes,No,1429,No,3
No,Yes,1058,Yes,1
Yes,No,72,No,0
No,Yes,1062,Yes,8
Yes,No,989,No,9
No,Yes,462,Yes,10
Yes,No,1037,No,2
No,Yes,327,Yes,9
Yes,No,778,No,3
No,Yes,958,Yes,8
Yes,No,943,No,5
No,Yes,547,Yes,2
Yes,No,171,No,4
No,Yes,672,Yes,9
Yes,No,86,No,3
No,Yes,701,Yes,5
Yes,No,324,No,9
No,Yes,1436,Yes,8
Yes,No,739,No,0
No,Yes,1500,Yes,6
Yes,No,64,No,4
No,Yes,466,Yes,4
Yes,No,1358,No,2
No,Yes,1403,Yes,7
Yes,No,1146,No,4
No,Yes,940,Yes,7
Yes,No,521,No,8
No,Yes,1113,Yes,8
Yes,No,936,No,3
No,Yes,54,Yes,6
Yes,No,116,No,8
No,Yes,947,Yes,4
Yes,No,1208,No,8
No,Yes,1414,Yes,4
Yes,No,181,No,2
No,Yes,1268,Yes,5
Yes,No,93,No,5
No,Yes,1002,Yes,5
Yes,No,1210,No,5
No,Yes,1057,Yes,5
Yes,No,1183,No,4
No,Yes,1410,Yes,5
Yes,No,722,No,7
No,Yes,1028,Yes,9
Yes,No,873,No,2
No,Yes,1124,Yes,0
Yes,No,930,No,4
No,Yes,203,Yes,10
Yes,No,526,No,6
No,Yes,199,Yes,0
Yes,No,696,No,7
No,Yes,1275,Yes,1
Yes,No,364,No,4
No,Yes,1202,Yes,5
Yes,No,40,No,2
No,Yes,306,Yes,3
Yes,No,11,No,10
No,Yes,690,Yes,10
Yes,No,1131,No,5
No,Yes,948,Yes,4
Yes,No,982,No,2
No,Yes,376,Yes,3
Yes,No,665,No,9
No,Yes,1188,Yes,10
Yes,No,284,No,9
No,Yes,326,Yes,5
Yes,No,124,No,7
No,Yes,277,Yes,2
Yes,No,454,No,10
No,Yes,657,Yes,2
Yes,No,684,No,10
No,Yes,1312,Yes,9
Yes,No,18,No,9
No,Yes,415,Yes,2
Yes,No,77,No,0
No,Yes,1372,Yes,9
Yes,No,1436,No,2
No,Yes,192,Yes,7
Yes,No,914,No,9
No,Yes,978,Yes,3
Yes,No,34,No,6
No,Yes,697,Yes,0
Yes,No,933,No,7
No,Yes,653,Yes,4
Yes,No,1173,No,4
No,Yes,355,Yes,2
Yes,No,1437,No,8
No,Yes,550,Yes,8
Yes,No,604,No,3
No,Yes,184,Yes,7
Yes,No,794,No,2
No,Yes,785,Yes,4
Yes,No,1152,No,9
No,Yes,535,Yes,9
Yes,No,1034,No,2
No,Yes,139,Yes,6
Yes,No,224,No,7
No,Yes,207,Yes,2
Yes,No,399,No,5
No,Yes,781,Yes,2
Yes,No,659,No,10
No,Yes,78,Yes,6
Yes,No,315,No,7
No,Yes,1305,Yes,3
Yes,No,1480,No,7
No,Yes,704,Yes,5
Yes,No,818,No,7
No,Yes,1298,Yes,0
Yes,No,1213,No,5
No,Yes,276,Yes,6
Yes,No,1163,No,2
No,Yes,397,Yes,2
Yes,No,870,No,4
No,Yes,907,Yes,4
Yes,No,195,No,4
No,Yes,728,Yes,1
Yes,No,1058,No,8
No,Yes,1101,Yes,0
Yes,No,283,No,2
No,Yes,1268,Yes,6
Yes,No,920,No,0
No,Yes,415,Yes,8
Yes,No,1253,No,9
No,Yes,1296,Yes,2
Yes,No,1,No,5
No,Yes,1145,Yes,0
Yes,No,1177,No,9
No,Yes,266,Yes,6
Yes,No,1433,No,6
No,Yes,1341,Yes,1
Yes,No,836,No,9
No,Yes,1405,Yes,7
Yes,No,1361,No,10
No,Yes,640,Yes,6
Yes,No,527,No,0
No,Yes,31,Yes,9
Yes,No,463,No,4
No,Yes,1321,Yes,5
Yes,No,612,No,8
No,Yes,444,Yes,9
Yes,No,636,No,8
No,Yes,1493,Yes,6
Yes,No,1398,No,6
No,Yes,563,Yes,0
Yes,No,1385,No,9
No,Yes,586,Yes,4
Yes,No,256,No,3
No,Yes,470,Yes,4
Yes,No,984,No,6
No,Yes,172,Yes,1
Yes,No,1064,No,2
No,Yes,634,Yes,5
Yes,No,166,No,9
No,Yes,1371,Yes,1
Yes,No,404,No,10
No,Yes,44,Yes,4
Yes,No,1046,No,3
No,Yes,263,Yes,2
Yes,No,1227,No,3
No,Yes,1271,Yes,3
Yes,No,88,No,0
No,Yes,468,Yes,4
Yes,No,1056,No,8
No,Yes,894,Yes,3
Yes,No,35,No,9
No,Yes,179,Yes,2
Yes,No,669,No,6
No,Yes,1134,Yes,5
Yes,No,1425,No,1
No,Yes,1448,Yes,10
Yes,No,151,No,7
No,Yes,1031,Yes,10
Yes,No,670,No,3
No,Yes,483,Yes,10
Yes,No,26,No,10
No,Yes,1255,Yes,7
Yes,No,1042,No,10
No,Yes,1183,Yes,5
Yes,No,508,No,5
No,Yes,654,Yes,7
Yes,No,1065,No,2
No,Yes,725,Yes,3
Yes,No,68,No,4
No,Yes,85,Yes,9
Yes,No,1389,No,8
No,Yes,1441,Yes,10
Yes,No,1074,No,4
No,Yes,629,Yes,8
Yes,No,20,No,3
No,Yes,1410,Yes,9
Yes,No,56,No,1
No,Yes,1285,Yes,8
Yes,No,471,No,3
No,Yes,96,Yes,10
Yes,No,416,No,4
No,Yes,1083,Yes,2
Yes,No,408,No,4
No,Yes,942,Yes,9
Yes,No,784,No,4
No,Yes,1449,Yes,5
Yes,No,67,No,2
No,Yes,707,Yes,0
Yes,No,1211,No,1
No,Yes,599,Yes,7
Yes,No,1404,No,6
No,Yes,1059,Yes,10
Yes,No,5,No,9
No,Yes,219,Yes,6
Yes,No,723,No,10
No,Yes,404,Yes,0
Yes,No,1020,No,6
No,Yes,863,Yes,9
Yes,No,348,No,0
No,Yes,264,Yes,8
Yes,No,253,No,1
No,Yes,1283,Yes,8
Yes,No,730,No,1
No,Yes,674,Yes,6
Yes,No,898,No,5
No,Yes,1397,Yes,10
Yes,No,484,No,1
No,Yes,1438,Yes,1
Yes,No,1153,No,6
No,Yes,1255,Yes,0
Yes,No,525,No,7
No,Yes,1154,Yes,9
Yes,No,794,No,7
No,Yes,1312,Yes,9
Yes,No,993,No,3
No,Yes,127,Yes,5
Yes,No,1134,No,0
No,Yes,621,Yes,3
Yes,No,770,No,3
No,Yes,954,Yes,8
Yes,No,615,No,5
No,Yes,384,Yes,10
Yes,No,437,No,4
No,Yes,1102,Yes,9
Yes,No,529,No,5
No,Yes,442,Yes,0
Yes,No,1320,No,8
No,Yes,1139,Yes,10
Yes,No,1407,No,7
No,Yes,812,Yes,7
Yes,No,929,No,7
No,Yes,1167,Yes,3
Yes,No,370,No,4
No,Yes,750,Yes,3
Yes,No,849,No,2
No,Yes,1125,Yes,1
Yes,No,23,No,8
No,Yes,584,Yes,1
Yes,No,845,No,6
No,Yes,320,Yes,8
Yes,No,84,No,2
No,Yes,827,Yes,10
Yes,No,1216,No,1
No,Yes,1009,Yes,7
Yes,No,1305,No,6
No,Yes,820,Yes,3
Yes,No,1484,No,3
No,Yes,635,Yes,8
Yes,No,448,No,2
No,Yes,769,Yes,2
Yes,No,615,No,0
No,Yes,806,Yes,4
Yes,No,357,No,3
No,Yes,1389,Yes,1
Yes,No,1293,No,7
No,Yes,1482,Yes,4
Yes,No,10,No,8
No,Yes,696,Yes,10
Yes,No,430,No,9
No,Yes,955,Yes,4
Yes,No,1207,No,9
No,Yes,1037,Yes,8
Yes,No,549,No,6
No,Yes,383,Yes,8
Yes,No,125,No,5
No,Yes,1463,Yes,8
Yes,No,1035,No,5
No,Yes,195,Yes,5
Yes,No,658,No,8
No,Yes,482,Yes,0
Yes,No,1050,No,9
No,Yes,181,Yes,1
Yes,No,1443,No,6
No,Yes,819,Yes,0
Yes,No,496,No,5
No,Yes,668,Yes,10
Yes,No,658,No,8
No,Yes,80,Yes,1
Yes,No,764,No,0
No,Yes,893,Yes,1
Yes,No,588,No,4
No,Yes,515,Yes,10
Yes,No,39,No,3
No,Yes,202,Yes,7
Yes,No,1010,No,6
No,Yes,211,Yes,5
Yes,No,1277,No,7
No,Yes,1238,Yes,2
Yes,No,319,No,9
No,Yes,776,Yes,7
Yes,No,746,No,8
No,Yes,371,Yes,8
Yes,No,348,No,1
No,Yes,1047,Yes,1
Yes,No,1002,No,2
No,Yes,240,Yes,7
Yes,No,227,No,1
No,Yes,748,Yes,1
Yes,No,1079,No,2
No,Yes,1369,Yes,4
Yes,No,665,No,5
No,Yes,309,Yes,10
Yes,No,841,No,4
No,Yes,827,Yes,10
Yes,No,1205,No,9
No,Yes,5,Yes,5
Yes,No,178,No,4
No,Yes,1464,Yes,1
Yes,No,337,No,8
No,Yes,766,Yes,2
Yes,No,1231,No,1
No,Yes,1227,Yes,3
Yes,No,579,No,7
No,Yes,405,Yes,4
Yes,No,1111,No,7
No,Yes,724,Yes,7
Yes,No,803,No,10
No,Yes,1451,Yes,3
Yes,No,1263,No,2
No,Yes,480,Yes,9
Yes,No,173,No,6
No,Yes,1324,Yes,8
Yes,No,730,No,2
No,Yes,46,Yes,0
Yes,No,32,No,4
No,Yes,216,Yes,9
Yes,No,937,No,9
No,Yes,1441,Yes,0
Yes,No,1084,No,6
No,Yes,676,Yes,0
Yes,No,1095,No,4
No,Yes,1313,Yes,10
Yes,No,410,No,6
No,Yes,106,Yes,6
Yes,No,939,No,3
No,Yes,156,Yes,0
Yes,No,411,No,3
No,Yes,558,Yes,4
Yes,No,293,No,7
No,Yes,846,Yes,6
Yes,No,445,No,7
No,Yes,40,Yes,7
Yes,No,312,No,3
No,Yes,1254,Yes,9
Yes,No,1253,No,8
No,Yes,138,Yes,10
Yes,No,1109,No,8
No,Yes,636,Yes,10
Yes,No,850,No,7
No,Yes,811,Yes,9
Yes,No,675,No,2
No,Yes,267,Yes,4
Yes,No,391,No,3
No,Yes,1333,Yes,0
Yes,No,513,No,10
No,Yes,997,Yes,1
Yes,No,773,No,2
No,Yes,452,Yes,5
Yes,No,573,No,5
No,Yes,584,Yes,2
Yes,No,347,No,5
No,Yes,721,Yes,1
Yes,No,143,No,7
No,Yes,289,Yes,0
Yes,No,1403,No,1
No,Yes,385,Yes,5
Yes,No,1390,No,5
No,Yes,391,Yes,4
Yes,No,888,No,8
No,Yes,1240,Yes,5
Yes,No,774,No,1
No,Yes,288,Yes,2
Yes,No,1419,No,3
No,Yes,1486,Yes,10
Yes,No,298,No,5
No,Yes,96,Yes,3
Yes,No,833,No,7
No,Yes,1045,Yes,10
Yes,No,544,No,4
No,Yes,1298,Yes,5
Yes,No,627,No,5
No,Yes,338,Yes,4
Yes,No,234,No,0
No,Yes,906,Yes,2
Yes,No,1476,No,0
No,Yes,203,Yes,0
Yes,No,164,No,4
No,Yes,808,Yes,2
Yes,No,410,No,7
No,Yes,1496,Yes,9
Yes,No,754,No,9
No,Yes,152,Yes,0
Yes,No,118,No,9
No,Yes,1066,Yes,1
Yes,No,147,No,4
No,Yes,697,Yes,0
Yes,No,1090,No,2
No,Yes,750,Yes,2
Yes,No,512,No,8
No,Yes,805,Yes,2
Yes,No,926,No,8
No,Yes,1182,Yes,4
Yes,No,1267,No,3
No,Yes,1226,Yes,4
Yes,No,394,No,9
No,Yes,1093,Yes,1
Yes,No,706,No,10
No,Yes,987,Yes,5
Yes,No,642,No,1
No,Yes,210,Yes,6
Yes,No,437,No,10
No,Yes,144,Yes,3
Yes,No,169,No,6
No,Yes,853,Yes,8
Yes,No,492,No,8
No,Yes,1173,Yes,2
Yes,No,115,No,5
No,Yes,580,Yes,7
Yes,No,1145,No,5
No,Yes,1224,Yes,1
Yes,No,1293,No,8
No,Yes,381,Yes,3
Yes,No,1269,No,4
No,Yes,1135,Yes,2
Yes,No,330,No,5
No,Yes,1270,Yes,4
Yes,No,734,No,6
No,Yes,1076,Yes,5
Yes,No,248,No,8
No,Yes,1320,Yes,5
Yes,No,1314,No,7
No,Yes,627,Yes,5
Yes,No,984,No,7
No,Yes,1266,Yes,2
Yes,No,488,No,6
No,Yes,246,Yes,6
Yes,No,1393,No,7
No,Yes,1334,Yes,10
Yes,No,1201,No,10
No,Yes,1100,Yes,3
Yes,No,879,No,9
No,Yes,396,Yes,2
Yes,No,1286,No,7
No,Yes,598,Yes,3
Yes,No,621,No,4
No,Yes,466,Yes,3
Yes,No,1200,No,1
No,Yes,1382,Yes,0
Yes,No,231,No,3
No,Yes,1379,Yes,3
Yes,No,1326,No,9
No,Yes,1128,Yes,7
Yes,No,702,No,10
No,Yes,422,Yes,4
Yes,No,822,No,8
No,Yes,624,Yes,2
Yes,No,938,No,2
No,Yes,1253,Yes,5
Yes,No,1363,No,9
No,Yes,16,Yes,8
Yes,No,185,No,8
No,Yes,973,Yes,7
Yes,No,211,No,6
No,Yes,562,Yes,7
Yes,No,894,No,5
No,Yes,1160,Yes,10
Yes,No,483,No,2
No,Yes,818,Yes,5
Yes,No,497,No,3
No,Yes,489,Yes,0
Yes,No,598,No,9
No,Yes,567,Yes,4
Yes,No,971,No,6
No,Yes,391,Yes,4
Yes,No,1394,No,4
No,Yes,1277,Yes,10
Yes,No,753,No,7
No,Yes,333,Yes,3
Yes,No,1048,No,4
No,Yes,1174,Yes,5
Yes,No,138,No,4
No,Yes,801,Yes,7
Yes,No,753,No,10
No,Yes,562,Yes,0
Yes,No,652,No,8
No,Yes,677,Yes,2
Yes,No,512,No,5
No,Yes,1034,Yes,2
Yes,No,775,No,9
No,Yes,1460,Yes,3
Yes,No,266,No,9
No,Yes,998,Yes,1
Yes,No,1011,No,9
No,Yes,694,Yes,9
Yes,No,576,No,8
No,Yes,252,Yes,4
Yes,No,1356,No,3
No,Yes,60,Yes,9
Yes,No,676,No,4
No,Yes,458,Yes,3
Yes,No,551,No,6
No,Yes,468,Yes,3
Yes,No,976,No,0
No,Yes,134,Yes,2
Yes,No,1461,No,4
No,Yes,799,Yes,6
Yes,No,990,No,1
No,Yes,582,Yes,7
Yes,No,666,No,5
No,Yes,754,Yes,7
Yes,No,1387,No,0
No,Yes,1202,Yes,3
Yes,No,246,No,3
No,Yes,83,Yes,9
Yes,No,526,No,1
No,Yes,1457,Yes,6
Yes,No,473,No,0
No,Yes,1263,Yes,7
Yes,No,160,No,6
No,Yes,1130,Yes,0
Yes,No,940,No,5
No,Yes,1319,Yes,6
Yes,No,482,No,7
No,Yes,875,Yes,6
Yes,No,570,No,0
No,Yes,1299,Yes,6
Yes,No,386,No,8
No,Yes,398,Yes,0
Yes,No,255,No,10
No,Yes,399,Yes,10
Yes,No,1197,No,3
No,Yes,1101,Yes,6
Yes,No,772,No,3
No,Yes,1128,Yes,3
Yes,No,1270,No,3
No,Yes,119,Yes,9
Yes,No,238,No,0
No,Yes,1089,Yes,4
Yes,No,548,No,10
No,Yes,162,Yes,3
Yes,No,990,No,4
No,Yes,1341,Yes,6
Yes,No,143,No,5
No,Yes,197,Yes,4
Yes,No,596,No,5
No,Yes,1228,Yes,2
Yes,No,172,No,4
No,Yes,645,Yes,2
Yes,No,1454,No,4
No,Yes,736,Yes,10
Yes,No,1084,No,7
No,Yes,922,Yes,7
Yes,No,176,No,2
No,Yes,452,Yes,0
Yes,No,438,No,6
No,Yes,254,Yes,9
Yes,No,1380,No,0
No,Yes,1252,Yes,1
Yes,No,355,No,5
No,Yes,37,Yes,9
Yes,No,112,No,7
No,Yes,1201,Yes,4
Yes,No,1024,No,3
No,Yes,213,Yes,8
Yes,No,207,No,8
No,Yes,1399,Yes,3
Yes,No,157,No,9
No,Yes,273,Yes,2
Yes,No,824,No,0
No,Yes,251,Yes,4
Yes,No,1126,No,9
No,Yes,1188,Yes,3
Yes,No,985,No,9
No,Yes,1014,Yes,7
Yes,No,752,No,5
No,Yes,1106,Yes,7
Yes,No,272,No,6
No,Yes,32,Yes,7
Yes,No,1110,No,7
No,Yes,1332,Yes,6
Yes,No,269,No,0
No,Yes,382,Yes,9
Yes,No,883,No,10
No,Yes,463,Yes,10
Yes,No,333,No,5
No,Yes,682,Yes,9
Yes,No,648,No,6
No,Yes,809,Yes,2
Yes,No,1294,No,1
No,Yes,755,Yes,2
Yes,No,227,No,1
No,Yes,15,Yes,7
Yes,No,1010,No,6
No,Yes,1265,Yes,10
Yes,No,253,No,0
No,Yes,245,Yes,2
Yes,No,1360,No,4
No,Yes,1047,Yes,10
Yes,No,908,No,1
No,Yes,1022,Yes,7
Yes,No,1304,No,1
No,Yes,1063,Yes,0
Yes,No,15,No,6
No,Yes,137,Yes,0
Yes,No,70,No,2
No,Yes,377,Yes,0
Yes,No,1446,No,8
No,Yes,1029,Yes,2
Yes,No,669,No,3
No,Yes,1210,Yes,5
Yes,No,1232,No,9
No,Yes,1122,Yes,10
Yes,No,568,No,2
No,Yes,1166,Yes,2
Yes,No,241,No,7
No,Yes,664,Yes,6
Yes,No,176,No,7
No,Yes,583,Yes,3
Yes,No,656,No,1
No,Yes,56,Yes,5
Yes,No,564,No,8
No,Yes,205,Yes,6
Yes,No,217,No,2
No,Yes,774,Yes,3
Yes,No,468,No,7
No,Yes,105,Yes,1
Yes,No,794,No,4
No,Yes,656,Yes,6
Yes,No,600,No,6
No,Yes,1339,Yes,10
Yes,No,1321,No,1
No,Yes,372,Yes,7
Yes,No,758,No,6
No,Yes,528,Yes,9
Yes,No,1276,No,10
No,Yes,668,Yes,4
Yes,No,986,No,9
No,Yes,1116,Yes,3
Yes,No,415,No,10
No,Yes,250,Yes,1
Yes,No,285,No,9
No,Yes,1457,Yes,7
Yes,No,694,No,3
No,Yes,1004,Yes,6
Yes,No,1243,No,1
No,Yes,298,Yes,5
Yes,No,705,No,1
No,Yes,7,Yes,7
Yes,No,123,No,3
No,Yes,855,Yes,5
Yes,No,1137,No,0
No,Yes,1125,Yes,4
Yes,No,81,No,3
No,Yes,111,Yes,10
Yes,No,1366,No,4
No,Yes,1420,Yes,8
Yes,No,927,No,3
No,Yes,1279,Yes,1
Yes,No,454,No,7
No,Yes,975,Yes,1
Yes,No,706,No,8
No,Yes,178,Yes,7
Yes,No,1093,No,6
No,Yes,172,Yes,10
Yes,No,192,No,7
No,Yes,792,Yes,4
Yes,No,1017,No,8
No,Yes,1474,Yes,6
Yes,No,1366,No,5
No,Yes,1377,Yes,2
Yes,No,525,No,4
No,Yes,324,Yes,0
Yes,No,939,No,9
No,Yes,910,Yes,10
Yes,No,576,No,9
No,Yes,611,Yes,8
Yes,No,337,No,5
No,Yes,1135,Yes,0
Yes,No,236,No,0
No,Yes,228,Yes,6
Yes,No,1437,No,7
No,Yes,1044,Yes,9
Yes,No,513,No,0
No,Yes,677,Yes,8
Yes,No,135,No,0
No,Yes,695,Yes,2
Yes,No,1321,No,7
No,Yes,276,Yes,7
Yes,No,901,No,8
No,Yes,1199,Yes,9
Yes,No,215,No,5
No,Yes,916,Yes,7
Yes,No,542,No,8
No,Yes,1030,Yes,10
Yes,No,298,No,8
No,Yes,1146,Yes,3
Yes,No,1390,No,1
No,Yes,989,Yes,5
Yes,No,900,No,5
No,Yes,1354,Yes,3
Yes,No,908,No,8
No,Yes,523,Yes,0
Yes,No,695,No,9
No,Yes,978,Yes,8
Yes,No,447,No,9
No,Yes,1427,Yes,1
Yes,No,469,No,6
No,Yes,1228,Yes,6
Yes,No,1101,No,10
No,Yes,795,Yes,7
Yes,No,1143,No,1
No,Yes,1070,Yes,3
Yes,No,946,No,10
No,Yes,533,Yes,3
Yes,No,1493,No,0
No,Yes,630,Yes,1
Yes,No,624,No,2
No,Yes,380,Yes,6
Yes,No,849,No,3
No,Yes,455,Yes,4
Yes,No,861,No,2
No,Yes,1332,Yes,3
Yes,No,1265,No,1
No,Yes,107,Yes,2
Yes,No,458,No,1
No,Yes,38,Yes,9
Yes,No,115,No,5
No,Yes,394,Yes,1
Yes,No,430,No,4
No,Yes,215,Yes,4
Yes,No,261,No,2
No,Yes,664,Yes,3
Yes,No,661,No,6
No,Yes,644,Yes,8
Yes,No,1433,No,8
No,Yes,1409,Yes,1
Yes,No,684,No,7
No,Yes,1241,Yes,8
Yes,No,535,No,5
No,Yes,287,Yes,3
Yes,No,784,No,5
No,Yes,1036,Yes,1
Yes,No,1174,No,8
No,Yes,1026,Yes,1
Yes,No,83,No,4
No,Yes,37,Yes,9
Yes,No,1402,No,6
No,Yes,1128,Yes,10
Yes,No,1430,No,3
No,Yes,1222,Yes,4
Yes,No,981,No,8
No,Yes,299,Yes,10
Yes,No,1188,No,3
No,Yes,1114,Yes,5
Yes,No,560,No,5
No,Yes,308,Yes,0
Yes,No,781,No,10
No,Yes,1412,Yes,9
Yes,No,623,No,4
No,Yes,72,Yes,9
Yes,No,307,No,4
No,Yes,294,Yes,8
Yes,No,850,No,9
No,Yes,963,Yes,0
Yes,No,1093,No,0
No,Yes,749,Yes,6
Yes,No,409,No,2
No,Yes,379,Yes,7
Yes,No,1011,No,8
No,Yes,999,Yes,3
Yes,No,609,No,5
No,Yes,1018,Yes,3
Yes,No,219,No,1
No,Yes,608,Yes,4
Yes,No,128,No,6
No,Yes,1052,Yes,4
Yes,No,1289,No,10
No,Yes,1181,Yes,7
Yes,No,574,No,0
No,Yes,623,Yes,8
Yes,No,1043,No,2
No,Yes,732,Yes,0
Yes,No,323,No,7
No,Yes,136,Yes,8
Yes,No,1054,No,5
No,Yes,1284,Yes,8
Yes,No,564,No,4
No,Yes,1452,Yes,7
Yes,No,1006,No,8
No,Yes,399,Yes,4
Yes,No,838,No,5
No,Yes,914,Yes,10
Yes,No,35,No,8
No,Yes,735,Yes,5
Yes,No,394,No,2
No,Yes,710,Yes,4
Yes,No,477,No,4
No,Yes,504,Yes,4
Yes,No,180,No,3
No,Yes,1491,Yes,10
Yes,No,1184,No,9
No,Yes,1491,Yes,9
Yes,No,1495,No,4
No,Yes,1100,Yes,4
Yes,No,640,No,6
No,Yes,450,Yes,10
Yes,No,1345,No,9
No,Yes,544,Yes,5
Yes,No,12,No,7
No,Yes,737,Yes,6
Yes,No,1332,No,5
No,Yes,555,Yes,10
Yes,No,1116,No,2
No,Yes,533,Yes,1
Yes,No,266,No,10
No,Yes,682,Yes,7
Yes,No,1069,No,5
No,Yes,1490,Yes,4
Yes,No,222,No,2
No,Yes,1004,Yes,0
Yes,No,469,No,5
No,Yes,101,Yes,1
Yes,No,1183,No,1
No,Yes,827,Yes,4
Yes,No,141,No,4
No,Yes,399,Yes,0
Yes,No,999,No,4
No,Yes,1106,Yes,7
Yes,No,954,No,0
No,Yes,465,Yes,9
Yes,No,460,No,10
No,Yes,1077,Yes,9
Yes,No,670,No,9
No,Yes,739,Yes,2
Yes,No,91,No,10
No,Yes,1136,Yes,8
Yes,No,1284,No,2
No,Yes,211,Yes,7
Yes,No,919,No,4
No,Yes,768,Yes,8
Yes,No,103,No,7
No,Yes,700,Yes,10
Yes,No,1492,No,2
No,Yes,646,Yes,6
Yes,No,630,No,7
No,Yes,1438,Yes,8
Yes,No,706,No,3
No,Yes,594,Yes,8
Yes,No,581,No,3
No,Yes,834,Yes,9
Yes,No,1029,No,10
No,Yes,1433,Yes,6
Yes,No,345,No,9
No,Yes,1418,Yes,4
Yes,No,545,No,6
No,Yes,1341,Yes,3
Yes,No,294,No,8
No,Yes,264,Yes,9
Yes,No,126,No,4
No,Yes,687,Yes,8
Yes,No,569,No,9
No,Yes,959,Yes,3
Yes,No,1124,No,4
No,Yes,860,Yes,9
Yes,No,339,No,9
No,Yes,1461,Yes,1
Yes,No,659,No,3
No,Yes,559,Yes,6
Yes,No,81,No,3
No,Yes,1207,Yes,5
Yes,No,747,No,5
No,Yes,1380,Yes,7
Yes,No,78,No,6
No,Yes,555,Yes,3
Yes,No,462,No,10
No,Yes,970,Yes,6
Yes,No,241,No,3
No,Yes,1180,Yes,8
Yes,No,1031,No,4
No,Yes,647,Yes,1
Yes,No,630,No,8
No,Yes,747,Yes,2
Yes,No,1012,No,4
No,Yes,25,Yes,3
Yes,No,1448,No,3
No,Yes,734,Yes,6
Yes,No,4,No,6
No,Yes,1240,Yes,2
Yes,No,313,No,5
No,Yes,1054,Yes,8
Yes,No,1100,No,8
No,Yes,1397,Yes,1
Yes,No,233,No,0
No,Yes,1457,Yes,2
Yes,No,1318,No,5
No,Yes,708,Yes,2
Yes,No,5,No,7
No,Yes,142,Yes,3
Yes,No,373,No,8
No,Yes,969,Yes,9
Yes,No,127,No,6
No,Yes,164,Yes,10
Yes,No,69,No,3
No,Yes,747,Yes,6
Yes,No,80,No,5
No,Yes,1240,Yes,4
Yes,No,588,No,5
No,Yes,881,Yes,9
Yes,No,1393,No,5
No,Yes,222,Yes,8
Yes,No,1195,No,2
No,Yes,988,Yes,5
Yes,No,465,No,4
No,Yes,1401,Yes,4
Yes,No,982,No,1
No,Yes,885,Yes,3
Yes,No,1495,No,8
No,Yes,1062,Yes,4
Yes,No,1045,No,1
No,Yes,535,Yes,10
Yes,No,841,No,2
No,Yes,849,Yes,10
Yes,No,965,No,3
No,Yes,616,Yes,4
Yes,No,321,No,6
No,Yes,499,Yes,2
Yes,No,1032,No,7
No,Yes,965,Yes,5
Yes,No,198,No,4
No,Yes,140,Yes,5
Yes,No,680,No,9
No,Yes,326,Yes,0
Yes,No,430,No,1
No,Yes,1289,Yes,7
Yes,No,126,No,2
No,Yes,1359,Yes,10
Yes,No,130,No,9
No,Yes,1103,Yes,10
Yes,No,525,No,2
No,Yes,572,Yes,1
Yes,No,152,No,10
No,Yes,1106,Yes,7
Yes,No,849,No,10
No,Yes,581,Yes,10
Yes,No,549,No,9
No,Yes,506,Yes,1
Yes,No,181,No,3
No,Yes,1239,Yes,9
Yes,No,1348,No,7
No,Yes,1200,Yes,8
Yes,No,483,No,10
No,Yes,341,Yes,0
Yes,No,1255,No,8
No,Yes,134,Yes,4
Yes,No,163,No,6
No,Yes,1180,Yes,0
Yes,No,882,No,9
No,Yes,323,Yes,2
Yes,No,469,No,5
No,Yes,1429,Yes,9
Yes,No,1043,No,10
No,Yes,305,Yes,3
Yes,No,1110,No,6
No,Yes,1332,Yes,4
Yes,No,56,No,5
No,Yes,351,Yes,5
Yes,No,458,No,1
No,Yes,219,Yes,1
Yes,No,384,No,7
No,Yes,497,Yes,7
Yes,No,992,No,9
No,Yes,85,Yes,0
Yes,No,72,No,0
No,Yes,380,Yes,1
Yes,No,1259,No,9
No,Yes,1283,Yes,5
Yes,No,877,No,9
No,Yes,495,Yes,4
Yes,No,475,No,7
No,Yes,904,Yes,2
Yes,No,150,No,7
No,Yes,702,Yes,3
Yes,No,170,No,9
No,Yes,1311,Yes,7
Yes,No,995,No,5
No,Yes,285,Yes,6
Yes,No,362,No,4
No,Yes,246,Yes,3
Yes,No,960,No,7
No,Yes,1329,Yes,9
Yes,No,668,No,4
No,Yes,135,Yes,10
Yes,No,425,No,3
No,Yes,1446,Yes,5
Yes,No,143,No,1
No,Yes,301,Yes,0
Yes,No,106,No,8
No,Yes,1492,Yes,9
Yes,No,298,No,2
No,Yes,964,Yes,2
Yes,No,779,No,7
No,Yes,642,Yes,8
Yes,No,194,No,5
No,Yes,1460,Yes,8
Yes,No,1088,No,6
No,Yes,135,Yes,6
Yes,No,1498,No,4
No,Yes,273,Yes,9
Yes,No,309,No,4
No,Yes,702,Yes,10
Yes,No,729,No,4
No,Yes,1084,Yes,5
Yes,No,607,No,1
No,Yes,1348,Yes,6
Yes,No,703,No,4
No,Yes,321,Yes,6
Yes,No,763,No,7
No,Yes,1366,Yes,6
Yes,No,324,No,5
No,Yes,645,Yes,9
Yes,No,419,No,0
No,Yes,1359,Yes,10
Yes,No,184,No,8
No,Yes,836,Yes,8
Yes,No,840,No,8
No,Yes,849,Yes,2
Yes,No,628,No,8
No,Yes,335,Yes,2
Yes,No,1060,No,2
No,Yes,179,Yes,2
Yes,No,462,No,10
No,Yes,1268,Yes,5
Yes,No,1485,No,5
No,Yes,1272,Yes,4
Yes,No,844,No,10
No,Yes,963,Yes,4
Yes,No,159,No,9
No,Yes,1485,Yes,5
Yes,No,597,No,9
No,Yes,1472,Yes,3
Yes,No,496,No,7
No,Yes,914,Yes,8
Yes,No,1360,No,5
No,Yes,238,Yes,10
Yes,No,646,No,2
No,Yes,1409,Yes,8
Yes,No,708,No,3
No,Yes,1433,Yes,0
Yes,No,424,No,2
No,Yes,1499,Yes,2
Yes,No,64,No,8
No,Yes,1289,Yes,1
Yes,No,531,No,9
No,Yes,343,Yes,10
Yes,No,1158,No,3
No,Yes,463,Yes,6
Yes,No,1005,No,7
No,Yes,436,Yes,10
Yes,No,439,No,7
No,Yes,1403,Yes,2
Yes,No,479,No,10
No,Yes,538,Yes,7
Yes,No,1069,No,7
No,Yes,177,Yes,0
Yes,No,1119,No,10
No,Yes,707,Yes,1
Yes,No,504,No,0
No,Yes,840,Yes,9
Yes,No,266,No,2
No,Yes,328,Yes,4
Yes,No,337,No,8
No,Yes,922,Yes,2
Yes,No,1324,No,10
No,Yes,514,Yes,3
Yes,No,540,No,6
No,Yes,106,Yes,3
Yes,No,108,No,9
No,Yes,584,Yes,5
Yes,No,903,No,5
No,Yes,723,Yes,3
Yes,No,746,No,6
No,Yes,737,Yes,4
Yes,No,315,No,6
No,Yes,132,Yes,5
Yes,No,812,No,9
No,Yes,426,Yes,0
Yes,No,647,No,4
No,Yes,54,Yes,9
Yes,No,417,No,3
No,Yes,435,Yes,10
Yes,No,453,No,3
No,Yes,1028,Yes,0
Yes,No,1399,No,6
No,Yes,176,Yes,10
Yes,No,1130,No,5
No,Yes,1452,Yes,8
Yes,No,676,No,1
No,Yes,1421,Yes,7
Yes,No,619,No,0
No,Yes,1192,Yes,7
Yes,No,1304,No,1
No,Yes,153,Yes,3
Yes,No,664,No,5
No,Yes,692,Yes,5
Yes,No,1469,No,6
No,Yes,1057,Yes,0
Yes,No,310,No,10
No,Yes,1416,Yes,8
Yes,No,8,No,0
No,Yes,1027,Yes,10
Yes,No,1043,No,6
No,Yes,251,Yes,2
Yes,No,134,No,4
No,Yes,338,Yes,10
Yes,No,708,No,7
No,Yes,411,Yes,5
Yes,No,1461,No,8
No,Yes,111,Yes,5
Yes,No,1101,No,7
No,Yes,211,Yes,9
Yes,No,460,No,9
No,Yes,931,Yes,9
Yes,No,1181,No,7
No,Yes,217,Yes,7
Yes,No,1228,No,1
No,Yes,69,Yes,8
Yes,No,62,No,1
No,Yes,252,Yes,10
Yes,No,1060,No,8
No,Yes,1089,Yes,2
Yes,No,1259,No,0
No,Yes,238,Yes,2
Yes,No,1125,No,7
No,Yes,610,Yes,1
Yes,No,1161,No,10
No,Yes,87,Yes,3
Yes,No,1465,No,9
No,Yes,934,Yes,1
Yes,No,802,No,4
No,Yes,1364,Yes,9
Yes,No,17,No,0
No,Yes,541,Yes,1
Yes,No,1282,No,1
No,Yes,1033,Yes,3
Yes,No,569,No,2
No,Yes,1100,Yes,6
Yes,No,723,No,5
No,Yes,230,Yes,7
Yes,No,1494,No,1
No,Yes,1156,Yes,5
Yes,No,192,No,1
No,Yes,1274,Yes,4
Yes,No,149,No,0
No,Yes,16,Yes,6
Yes,No,801,No,2
No,Yes,810,Yes,9
Yes,No,554,No,9
No,Yes,1071,Yes,2
Yes,No,215,No,0
No,Yes,399,Yes,7
Yes,No,875,No,3
No,Yes,741,Yes,5
Yes,No,599,No,9
No,Yes,1462,Yes,0
Yes,No,126,No,2
No,Yes,1349,Yes,10
Yes,No,1135,No,3
No,Yes,614,Yes,0
Yes,No,700,No,2
No,Yes,869,Yes,9
Yes,No,705,No,8
No,Yes,751,Yes,6
Yes,No,471,No,1
No,Yes,402,Yes,3
Yes,No,655,No,0
No,Yes,637,Yes,6
Yes,No,366,No,8
No,Yes,477,Yes,3
Yes,No,744,No,9
No,Yes,1177,Yes,4
Yes,No,61,No,6
No,Yes,1026,Yes,8
Yes,No,1099,No,3
No,Yes,780,Yes,9
Yes,No,228,No,7
No,Yes,1294,Yes,7
Yes,No,271,No,7
No,Yes,73,Yes,1
Yes,No,96,No,7
No,Yes,952,Yes,6
Yes,No,1227,No,9
No,Yes,1105,Yes,1
Yes,No,100,No,6
No,Yes,1406,Yes,4
Yes,No,677,No,7
No,Yes,1399,Yes,6
Yes,No,1042,No,4
No,Yes,701,Yes,1
Yes,No,501,No,9
No,Yes,389,Yes,4
Yes,No,1425,No,5
No,Yes,411,Yes,4
Yes,No,1240,No,8
No,Yes,276,Yes,7
Yes,No,549,No,4
No,Yes,511,Yes,5
Yes,No,83,No,0
No,Yes,313,Yes,1
Yes,No,899,No,9
No,Yes,1168,Yes,7
Yes,No,1003,No,6
No,Yes,766,Yes,1
Yes,No,734,No,1
No,Yes,1234,Yes,1
Yes,No,1063,No,10
No,Yes,1215,Yes,0
Yes,No,1419,No,9
No,Yes,236,Yes,7
Yes,No,1414,No,7
No,Yes,688,Yes,1
Yes,No,1166,No,7
No,Yes,247,Yes,4
Yes,No,500,No,8
No,Yes,631,Yes,4
Yes,No,113,No,8
No,Yes,289,Yes,8
Yes,No,992,No,4
No,Yes,351,Yes,9
Yes,No,1167,No,8
No,Yes,1492,Yes,1
Yes,No,554,No,4
No,Yes,0,Yes,5
Yes,No,99,No,8
No,Yes,106,Yes,4
Yes,No,150,No,1
No,Yes,450,Yes,5
Yes,No,664,No,2
No,Yes,1464,Yes,7
Yes,No,121,No,10
No,Yes,1160,Yes,10
Yes,No,356,No,3
No,Yes,773,Yes,7
Yes,No,599,No,8
No,Yes,341,Yes,1
Yes,No,481,No,6
No,Yes,512,Yes,0
Yes,No,295,No,7
No,Yes,430,Yes,5
Yes,No,1022,No,4
No,Yes,699,Yes,3
Yes,No,147,No,2
No,Yes,166,Yes,10
Yes,No,1140,No,0
No,Yes,1023,Yes,10
Yes,No,493,No,7
No,Yes,1290,Yes,4
Yes,No,992,No,8
No,Yes,501,Yes,8
Yes,No,1420,No,8
No,Yes,1135,Yes,9
Yes,No,1159,No,1
No,Yes,43,Yes,8
Yes,No,1422,No,4
No,Yes,1263,Yes,4
Yes,No,795,No,7
No,Yes,1485,Yes,3
Yes,No,309,No,8
No,Yes,116,Yes,7
Yes,No,502,No,1
No,Yes,213,Yes,0
Yes,No,1489,No,5
No,Yes,711,Yes,4
Yes,No,741,No,2
No,Yes,392,Yes,0
Yes,No,786,No,4
No,Yes,212,Yes,7
Yes,No,500,No,3
No,Yes,592,Yes,7
Yes,No,247,No,10
No,Yes,1240,Yes,6
Yes,No,1475,No,1
No,Yes,1453,Yes,6
Yes,No,355,No,1
No,Yes,573,Yes,5
Yes,No,1174,No,2
No,Yes,1022,Yes,0
Yes,No,1124,No,6
No,Yes,1373,Yes,7
Yes,No,1024,No,7
No,Yes,1269,Yes,9
Yes,No,304,No,6
No,Yes,1036,Yes,7
Yes,No,1195,No,5
No,Yes,892,Yes,7
Yes,No,120,No,6
No,Yes,333,Yes,1
Yes,No,1182,No,8
No,Yes,686,Yes,10
Yes,No,1413,No,1
No,Yes,1440,Yes,5
Yes,No,1226,No,1
No,Yes,897,Yes,10
Yes,No,1486,No,3
No,Yes,1419,Yes,4
Yes,No,1247,No,2
No,Yes,1107,Yes,1
Yes,No,1448,No,9
No,Yes,1430,Yes,8
Yes,No,1375,No,8
No,Yes,357,Yes,6
Yes,No,82,No,7
No,Yes,307,Yes,3
Yes,No,681,No,3
No,Yes,169,Yes,6
Yes,No,248,No,5
No,Yes,557,Yes,9
Yes,No,42,No,4
No,Yes,137,Yes,3
Yes,No,538,No,1
No,Yes,1112,Yes,3
Yes,No,1393,No,0
No,Yes,751,Yes,9
Yes,No,1318,No,1
No,Yes,1349,Yes,6
Yes,No,1242,No,7
No,Yes,236,Yes,8
Yes,No,763,No,3
No,Yes,1215,Yes,1
Yes,No,1429,No,7
No,Yes,68,Yes,5
Yes,No,788,No,5
No,Yes,620,Yes,4
Yes,No,649,No,1
No,Yes,135,Yes,2
Yes,No,608,No,2
No,Yes,66,Yes,4
Yes,No,206,No,10
No,Yes,358,Yes,6
Yes,No,66,No,3
No,Yes,188,Yes,6
Yes,No,936,No,0
No,Yes,1383,Yes,8
Yes,No,1491,No,4
No,Yes,843,Yes,1
Yes,No,1443,No,10
No,Yes,126,Yes,3
Yes,No,1035,No,5
No,Yes,421,Yes,6
Yes,No,1440,No,6
No,Yes,642,Yes,5
Yes,No,115,No,3
No,Yes,982,Yes,10
Yes,No,530,No,5
No,Yes,1452,Yes,0
Yes,No,540,No,4
No,Yes,924,Yes,3
Yes,No,1178,No,4
No,Yes,195,Yes,3
Yes,No,954,No,5
No,Yes,610,Yes,4
Yes,No,1283,No,5
No,Yes,837,Yes,2
Yes,No,376,No,0
No,Yes,649,Yes,5
Yes,No,13,No,7
No,Yes,73,Yes,5
Yes,No,1388,No,7
No,Yes,636,Yes,3
Yes,No,769,No,10
No,Yes,1388,Yes,3
Yes,No,614,No,3
No,Yes,209,Yes,5
Yes,No,308,No,2
No,Yes,400,Yes,4
Yes,No,901,No,3
No,Yes,794,Yes,1
Yes,No,609,No,5
No,Yes,1204,Yes,7
Yes,No,163,No,5
No,Yes,253,Yes,5
Yes,No,1316,No,3
No,Yes,1028,Yes,2
Yes,No,950,No,8
No,Yes,1321,Yes,6
Yes,No,41,No,8
No,Yes,1286,Yes,0
Yes,No,30,No,8
No,Yes,952,Yes,3
Yes,No,930,No,5
No,Yes,287,Yes,3
Yes,No,793,No,4
No,Yes,787,Yes,4
Yes,No,1145,No,1
No,Yes,1070,Yes,2
Yes,No,1381,No,9
No,Yes,1369,Yes,10
Yes,No,558,No,6
No,Yes,61,Yes,3
Yes,No,1438,No,5
No,Yes,784,Yes,1
Yes,No,94,No,6
No,Yes,279,Yes,7
Yes,No,816,No,6
No,Yes,875,Yes,10
Yes,No,493,No,10
No,Yes,1084,Yes,3
Yes,No,613,No,7
No,Yes,1256,Yes,9
Yes,No,722,No,10
No,Yes,1410,Yes,0
Yes,No,775,No,0
No,Yes,846,Yes,0
Yes,No,386,No,1
No,Yes,413,Yes,0
Yes,No,273,No,9
No,Yes,1327,Yes,0
Yes,No,554,No,7
No,Yes,595,Yes,6
Yes,No,1346,No,5
No,Yes,634,Yes,10
Yes,No,82,No,3
No,Yes,735,Yes,10
Yes,No,850,No,2
No,Yes,782,Yes,8
Yes,No,1471,No,9
No,Yes,673,Yes,6
Yes,No,460,No,8
No,Yes,118,Yes,9
Yes,No,860,No,9
No,Yes,321,Yes,4
Yes,No,302,No,2
No,Yes,248,Yes,0
Yes,No,880,No,2
No,Yes,813,Yes,7
Yes,No,1091,No,1
No,Yes,1058,Yes,6
Yes,No,327,No,10
No,Yes,853,Yes,6
Yes,No,1240,No,7
No,Yes,969,Yes,6
Yes,No,748,No,10
No,Yes,1497,Yes,9
Yes,No,554,No,5
No,Yes,1236,Yes,4
Yes,No,688,No,1
No,Yes,1355,Yes,8
Yes,No,1136,No,9
No,Yes,1268,Yes,1
Yes,No,1063,No,0
No,Yes,320,Yes,2
Yes,No,749,No,1
No,Yes,926,Yes,0
Yes,No,894,No,3
No,Yes,205,Yes,10
Yes,No,61,No,1
No,Yes,553,Yes,0
Yes,No,578,No,6
No,Yes,1397,Yes,1
Yes,No,799,No,6
No,Yes,1320,Yes,7
Yes,No,824,No,3
No,Yes,922,Yes,3
Yes,No,769,No,10
No,Yes,1238,Yes,1
Yes,No,593,No,5
No,Yes,1349,Yes,5
Yes,No,1099,No,5
No,Yes,944,Yes,4
Yes,No,79,No,9
No,Yes,1178,Yes,2
Yes,No,528,No,6
No,Yes,293,Yes,0
Yes,No,262,No,9
No,Yes,594,Yes,5
Yes,No,993,No,6
No,Yes,983,Yes,3
Yes,No,540,No,6
No,Yes,25,Yes,4
Yes,No,313,No,0
No,Yes,752,Yes,9
Yes,No,876,No,5
No,Yes,175,Yes,5
Yes,No,221,No,1
No,Yes,334,Yes,6
Yes,No,1065,No,5
No,Yes,165,Yes,0
Yes,No,696,No,5
No,Yes,859,Yes,5
Yes,No,1483,No,6
No,Yes,76,Yes,5
Yes,No,1191,No,3
No,Yes,39,Yes,0
Yes,No,472,No,8
No,Yes,345,Yes,1
Yes,No,758,No,4
No,Yes,28,Yes,3
Yes,No,1083,No,6
No,Yes,154,Yes,6
Yes,No,641,No,0
No,Yes,827,Yes,7
Yes,No,295,No,8
No,Yes,227,Yes,7
Yes,No,278,No,9
No,Yes,1280,Yes,2
Yes,No,985,No,8
No,Yes,925,Yes,0
Yes,No,692,No,0
No,Yes,1471,Yes,9
Yes,No,1415,No,9
No,Yes,383,Yes,1
Yes,No,1356,No,8
No,Yes,334,Yes,9
Yes,No,41,No,10
No,Yes,146,Yes,5
Yes,No,28,No,4
No,Yes,304,Yes,10
Yes,No,763,No,2
No,Yes,1355,Yes,4
Yes,No,577,No,10
No,Yes,532,Yes,8
Yes,No,1338,No,3
No,Yes,1265,Yes,3
Yes,No,824,No,9
No,Yes,364,Yes,6
Yes,No,1018,No,5
No,Yes,935,Yes,7
Yes,No,1309,No,7
No,Yes,792,Yes,7
Yes,No,1200,No,9
No,Yes,477,Yes,8
Yes,No,1345,No,10
No,Yes,808,Yes,4
Yes,No,453,No,10
No,Yes,602,Yes,2
Yes,No,1173,No,4
No,Yes,1443,Yes,10
Yes,No,69,No,6
No,Yes,679,Yes,10
Yes,No,608,No,5
No,Yes,127,Yes,4
Yes,No,1190,No,7
No,Yes,592,Yes,2
Yes,No,858,No,9
No,Yes,583,Yes,4
Yes,No,534,No,5
No,Yes,70,Yes,3
Yes,No,1284,No,7
No,Yes,492,Yes,9
Yes,No,809,No,7
No,Yes,311,Yes,7
Yes,No,566,No,10
No,Yes,1045,Yes,7
Yes,No,1069,No,7
No,Yes,1088,Yes,7
Yes,No,221,No,6
No,Yes,560,Yes,4
Yes,No,314,No,3
No,Yes,714,Yes,2
Yes,No,778,No,10
No,Yes,1023,Yes,3
Yes,No,597,No,0
No,Yes,1298,Yes,2
Yes,No,1240,No,0
No,Yes,842,Yes,10
Yes,No,582,No,6
No,Yes,746,Yes,0
Yes,No,1419,No,3
No,Yes,158,Yes,3
Yes,No,337,No,3
No,Yes,599,Yes,10
Yes,No,257,No,2
No,Yes,98,Yes,10
Yes,No,1463,No,3
No,Yes,1212,Yes,4
Yes,No,729,No,8
No,Yes,775,Yes,6
Yes,No,435,No,7
No,Yes,365,Yes,3
Yes,No,824,No,2
No,Yes,545,Yes,9
Yes,No,330,No,10
No,Yes,357,Yes,0
Yes,No,439,No,2
No,Yes,266,Yes,2
Yes,No,887,No,1
No,Yes,1415,Yes,7
Yes,No,1259,No,9
No,Yes,308,Yes,2
Yes,No,37,No,2
No,Yes,65,Yes,2
Yes,No,578,No,6
No,Yes,1479,Yes,6
Yes,No,647,No,10
No,Yes,129,Yes,2
Yes,No,210,No,6
No,Yes,460,Yes,8
Yes,No,750,No,0
No,Yes,1461,Yes,10
Yes,No,1223,No,3
No,Yes,114,Yes,5
Yes,No,1070,No,7
No,Yes,297,Yes,2
Yes,No,8,No,6
No,Yes,35,Yes,9
Yes,No,651,No,4
No,Yes,241,Yes,4
Yes,No,422,No,6
No,Yes,1132,Yes,3
Yes,No,734,No,2
No,Yes,784,Yes,5
Yes,No,1114,No,10
No,Yes,108,Yes,6
Yes,No,1177,No,1
No,Yes,187,Yes,2
Yes,No,31,No,6
No,Yes,506,Yes,2
Yes,No,1088,No,8
No,Yes,992,Yes,1
Yes,No,1141,No,3
No,Yes,9,Yes,10
Yes,No,1366,No,0
No,Yes,170,Yes,3
Yes,No,213,No,7
No,Yes,1477,Yes,1
Yes,No,657,No,3
No,Yes,666,Yes,6
Yes,No,118,No,6
No,Yes,1030,Yes,2
Yes,No,912,No,9
No,Yes,9,Yes,6
Yes,No,1070,No,0
No,Yes,986,Yes,9
Yes,No,416,No,3
No,Yes,858,Yes,2
Yes,No,723,No,2
No,Yes,1231,Yes,6
Yes,No,938,No,2
No,Yes,154,Yes,2
Yes,No,25,No,1
No,Yes,49,Yes,10
Yes,No,133,No,5
No,Yes,466,Yes,5
Yes,No,1232,No,9
No,Yes,813,Yes,8
Yes,No,348,No,3
No,Yes,545,Yes,8
Yes,No,22,No,1
No,Yes,211,Yes,7
Yes,No,235,No,7
No,Yes,1314,Yes,1
Yes,No,49,No,5
No,Yes,1294,Yes,1
Yes,No,527,No,10
No,Yes,1226,Yes,2
Yes,No,829,No,3
No,Yes,1237,Yes,2
Yes,No,986,No,1
No,Yes,1365,Yes,0
Yes,No,204,No,1
No,Yes,476,Yes,0
Yes,No,1387,No,1
No,Yes,1152,Yes,6
Yes,No,702,No,1
No,Yes,576,Yes,2
Yes,No,294,No,10
No,Yes,834,Yes,7
Yes,No,1237,No,7
No,Yes,548,Yes,0
Yes,No,841,No,10
No,Yes,911,Yes,0
Yes,No,1107,No,4
No,Yes,1449,Yes,6
Yes,No,163,No,7
No,Yes,1293,Yes,6
Yes,No,320,No,3
No,Yes,1184,Yes,5
Yes,No,319,No,3
No,Yes,668,Yes,8
Yes,No,687,No,7
No,Yes,1059,Yes,1
Yes,No,438,No,2
No,Yes,184,Yes,8
Yes,No,1435,No,1
No,Yes,197,Yes,2
Yes,No,579,No,7
No,Yes,763,Yes,6
Yes,No,1318,No,3
No,Yes,12,Yes,7
Yes,No,773,No,0
No,Yes,648,Yes,0
Yes,No,213,No,5
No,Yes,1234,Yes,10
Yes,No,1118,No,9
No,Yes,1282,Yes,5
Yes,No,451,No,6
No,Yes,1023,Yes,2
Yes,No,437,No,7
No,Yes,1333,Yes,10
Yes,No,798,No,3
No,Yes,371,Yes,1
Yes,No,384,No,10
No,Yes,912,Yes,0
Yes,No,1476,No,3
No,Yes,272,Yes,9
Yes,No,245,No,4
No,Yes,407,Yes,5
Yes,No,495,No,10
No,Yes,246,Yes,1
Yes,No,501,No,0
No,Yes,200,Yes,4
Yes,No,397,No,6
No,Yes,77,Yes,6
Yes,No,834,No,1
No,Yes,379,Yes,3
Yes,No,530,No,0
No,Yes,105,Yes,10
Yes,No,844,No,6
No,Yes,851,Yes,4
Yes,No,34,No,2
No,Yes,837,Yes,8
Yes,No,779,No,6
No,Yes,123,Yes,6
Yes,No,426,No,5
No,Yes,589,Yes,0
Yes,No,365,No,6
No,Yes,164,Yes,6
Yes,No,651,No,0
No,Yes,409,Yes,6
Yes,No,525,No,9
No,Yes,89,Yes,10
Yes,No,962,No,4
No,Yes,1478,Yes,3
Yes,No,1006,No,7
No,Yes,610,Yes,0
Yes,No,1202,No,10
No,Yes,1243,Yes,4
Yes,No,1202,No,4
No,Yes,968,Yes,6
Yes,No,462,No,2
No,Yes,538,Yes,2
Yes,No,1147,No,8
No,Yes,842,Yes,4
Yes,No,978,No,2
No,Yes,204,Yes,3
Yes,No,625,No,6
No,Yes,774,Yes,6
Yes,No,772,No,5
No,Yes,88,Yes,3
Yes,No,512,No,3
No,Yes,289,Yes,0
Yes,No,592,No,9
No,Yes,663,Yes,5
Yes,No,1440,No,7
No,Yes,78,Yes,2
Yes,No,1331,No,4
No,Yes,1321,Yes,0
Yes,No,601,No,4
No,Yes,651,Yes,2
Yes,No,1197,No,10
No,Yes,262,Yes,6
Yes,No,1044,No,7
No,Yes,851,Yes,6
Yes,No,1113,No,8
No,Yes,662,Yes,8
Yes,No,926,No,10
No,Yes,1053,Yes,2
Yes,No,1115,No,7
No,Yes,57,Yes,0
Yes,No,1193,No,1
No,Yes,1286,Yes,5
Yes,No,1076,No,2
No,Yes,247,Yes,4
Yes,No,851,No,2
No,Yes,6,Yes,8
Yes,No,691,No,0
No,Yes,597,Yes,7
Yes,No,0,No,9
No,Yes,469,Yes,8
Yes,No,987,No,2
No,Yes,959,Yes,7
Yes,No,132,No,1
No,Yes,291,Yes,8
Yes,No,641,No,9
No,Yes,1286,Yes,4
Yes,No,669,No,5
No,Yes,1259,Yes,10
Yes,No,1049,No,4
No,Yes,1489,Yes,9
Yes,No,680,No,4
No,Yes,965,Yes,6
Yes,No,292,No,3
No,Yes,367,Yes,10
Yes,No,1196,No,6
No,Yes,428,Yes,0
Yes,No,510,No,5
No,Yes,149,Yes,4
Yes,No,761,No,0
No,Yes,658,Yes,1
Yes,No,428,No,8
No,Yes,945,Yes,8
Yes,No,749,No,10
No,Yes,77,Yes,6
Yes,No,723,No,4
No,Yes,1375,Yes,10
Yes,No,1355,No,8
No,Yes,827,Yes,5
Yes,No,278,No,0
No,Yes,1098,Yes,6
Yes,No,1092,No,5
No,Yes,427,Yes,7
Yes,No,561,No,3
No,Yes,770,Yes,5
Yes,No,749,No,7
No,Yes,939,Yes,5
Yes,No,1393,No,8
No,Yes,814,Yes,2
Yes,No,422,No,3
No,Yes,441,Yes,6
Yes,No,904,No,1
No,Yes,121,Yes,9
Yes,No,1069,No,3
No,Yes,476,Yes,9
Yes,No,1104,No,5
No,Yes,1305,Yes,3
Yes,No,1418,No,8
No,Yes,1415,Yes,9
Yes,No,1169,No,0
No,Yes,328,Yes,5
Yes,No,28,No,4
No,Yes,453,Yes,2
Yes,No,790,No,9
No,Yes,26,Yes,6
Yes,No,1237,No,0
No,Yes,928,Yes,3
Yes,No,49,No,3
No,Yes,915,Yes,5
Yes,No,1266,No,4
No,Yes,404,Yes,1
Yes,No,903,No,0
No,Yes,1031,Yes,9
Yes,No,815,No,1
No,Yes,128,Yes,1
Yes,No,703,No,7
No,Yes,758,Yes,7
Yes,No,186,No,9
No,Yes,450,Yes,5
Yes,No,471,No,6
No,Yes,814,Yes,9
Yes,No,696,No,8
No,Yes,833,Yes,1
Yes,No,411,No,8
No,Yes,1331,Yes,3
Yes,No,1331,No,2
No,Yes,959,Yes,8
Yes,No,281,No,2
No,Yes,370,Yes,5
Yes,No,1046,No,9
No,Yes,0,Yes,3
Yes,No,63,No,2
No,Yes,492,Yes,7
Yes,No,1367,No,9
No,Yes,147,Yes,0
Yes,No,1224,No,10
No,Yes,1258,Yes,3
Yes,No,520,No,9
No,Yes,1365,Yes,10
Yes,No,187,No,10
No,Yes,470,Yes,7
Yes,No,1043,No,2
No,Yes,1284,Yes,4
Yes,No,1419,No,2
No,Yes,143,Yes,2
Yes,No,1006,No,5
No,Yes,1020,Yes,0
Yes,No,1115,No,8
No,Yes,748,Yes,8
Yes,No,166,No,4
No,Yes,830,Yes,7
Yes,No,1499,No,8
No,Yes,270,Yes,6
Yes,No,183,No,6
No,Yes,516,Yes,4
Yes,No,1021,No,6
No,Yes,264,Yes,3
Yes,No,1144,No,2
No,Yes,169,Yes,10
Yes,No,1328,No,4
No,Yes,944,Yes,9
Yes,No,985,No,7
No,Yes,193,Yes,8
Yes,No,875,No,6
No,Yes,68,Yes,6
Yes,No,51,No,9
No,Yes,1080,Yes,3
Yes,No,573,No,1
No,Yes,930,Yes,0
Yes,No,498,No,10
No,Yes,314,Yes,8
Yes,No,583,No,9
No,Yes,1456,Yes,7
Yes,No,1268,No,3
No,Yes,1320,Yes,6
Yes,No,266,No,10
No,Yes,964,Yes,0
Yes,No,1044,No,1
No,Yes,1073,Yes,4
Yes,No,760,No,3
No,Yes,436,Yes,8
Yes,No,519,No,7
No,Yes,1000,Yes,10
Yes,No,1101,No,4
No,Yes,1454,Yes,2
Yes,No,79,No,9
No,Yes,949,Yes,9
Yes,No,896,No,10
No,Yes,471,Yes,10
Yes,No,67,No,9
No,Yes,313,Yes,5
Yes,No,371,No,5
No,Yes,1244,Yes,5
Yes,No,1308,No,7
No,Yes,962,Yes,4
Yes,No,1317,No,5
No,Yes,1178,Yes,7
Yes,No,1004,No,7
No,Yes,751,Yes,8
Yes,No,1157,No,1
No,Yes,278,Yes,2
Yes,No,140,No,7
No,Yes,381,Yes,9
Yes,No,938,No,0
No,Yes,622,Yes,2
Yes,No,1487,No,2
No,Yes,856,Yes,6
Yes,No,813,No,1
No,Yes,285,Yes,0
Yes,No,897,No,1
No,Yes,368,Yes,6
Yes,No,981,No,7
No,Yes,193,Yes,0
Yes,No,1428,No,5
No,Yes,1438,Yes,0
Yes,No,932,No,1
No,Yes,1489,Yes,7
Yes,No,345,No,7
No,Yes,527,Yes,9
Yes,No,794,No,9
No,Yes,925,Yes,7
Yes,No,719,No,0
No,Yes,931,Yes,9
Yes,No,190,No,6
No,Yes,1240,Yes,5
Yes,No,1180,No,1
No,Yes,160,Yes,5
Yes,No,1459,No,4
No,Yes,94,Yes,0
Yes,No,507,No,2
No,Yes,1465,Yes,5
Yes,No,259,No,8
No,Yes,1354,Yes,1
Yes,No,711,No,9
No,Yes,340,Yes,9
Yes,No,486,No,1
No,Yes,209,Yes,1
Yes,No,1138,No,4
No,Yes,1256,Yes,8
Yes,No,1470,No,0
No,Yes,221,Yes,6
Yes,No,1394,No,2
No,Yes,633,Yes,0
Yes,No,1268,No,6
No,Yes,730,Yes,6
Yes,No,149,No,1
No,Yes,871,Yes,1
Yes,No,25,No,5
No,Yes,723,Yes,2
Yes,No,1077,No,4
No,Yes,1025,Yes,10
Yes,No,193,No,9
No,Yes,674,Yes,4
Yes,No,734,No,6
No,Yes,1417,Yes,10
Yes,No,250,No,10
No,Yes,893,Yes,2
Yes,No,1127,No,4
No,Yes,388,Yes,5
Yes,No,1219,No,3
No,Yes,125,Yes,8
Yes,No,181,No,9
